:020000040800F2
:1000000000060020E1020008E3020008E302000805
:10001000E3020008E3020008E3020008E30200082C
:10002000E3020008E3020008E30200081D7800086C
:10003000E3020008E3020008E3020008E30200080C
:10004000E3020008E3020008E3020008E3020008FC
:10005000E3020008E3020008058700083187000872
:100060005D87000889870008B587000815470008E4
:100070003D4700086947000895470008C147000848
:10008000E947000815480008E3020008E3020008F9
:10009000E3020008E3020008E3020008E187000829
:1000A000E3020008E3020008E3020008E30200089C
:1000B000E3020008E3020008E3020008E30200088C
:1000C000E3020008E3020008E3020008E30200087C
:1000D000E3020008E3020008CD880008E188000878
:1000E00045880008E3020008E3020008E302000874
:1000F000E3020008E3020008E302000841480008A8
:10010000E3020008B988000809890008E302000832
:10011000E3020008E3020008E3020008E30200082B
:100120006D48000895480008C1480008ED480008DF
:1001300019490008E3020008E3020008E30200088E
:10014000E3020008E3020008E3020008E3020008FB
:10015000414900086D49000899490008E302000878
:10016000E3020008E3020008E3020008E3020008DB
:10017000E3020008F5830008E3020008E302000838
:10018000E3020008E3020008F5880008E302000823
:10019000E3020008E3020008E3020008E3020008AB
:1001A000E3020008E3020008E3020008E30200089B
:1001B000E3020008E3020008E3020008E30200088B
:1001C000E3020008E3020008E3020008E30200087B
:1001D000E3020008E1830008E3020008E3020008EC
:1001E000E3020008E3020008E3020008E30200085B
:1001F000E3020008E3020008E3020008E30200084B
:10020000E3020008E3020008E3020008E30200083A
:10021000E3020008E3020008E3020008E30200082A
:10022000E3020008E3020008E3020008E30200081A
:10023000E3020008E3020008E3020008E30200080A
:10024000E3020008E3020008E3020008E3020008FA
:10025000E3020008E3020008E3020008E3020008EA
:10026000E3020008E3020008E3020008E3020008DA
:10027000E3020008E3020008E3020008E3020008CA
:10028000E3020008E3020008E3020008E3020008BA
:10029000E3020008E3020008E3020008E3020008AA
:1002A000E3020008E3020008E3020008E30200089A
:1002B000E3020008E3020008E3020008E30200088A
:1002C000E3020008E3020008E3020008E30200087A
:1002D000E3020008E3020008E3020008E30200086A
:1002E00002E000F000F8FEE772B6374880F30888B5
:1002F000364880F3098836483649086040F20000E5
:10030000CCF200004EF63471CEF200010860BFF36B
:100310004F8FBFF36F8F40F20000C0F2F0004EF637
:100320008851CEF200010860BFF34F8FBFF36F8F8B
:100330004FF00000E1EE100A4EF63C71CEF20001E3
:100340000860062080F31488BFF36F8F07F0C8FAA7
:1003500006F00AFC4FF055301F491B4A91423CBF42
:1003600041F8040BFAE71D49184A91423CBF41F895
:10037000040BFAE71A491B4A1B4B9A423EBF51F83D
:10038000040B42F8040BF8E700201849184A914280
:100390003CBF41F8040BFAE707F0E0FA06F06AFC0C
:1003A000144C154DAC4203DA54F8041B8847F9E7A6
:1003B00000F0C4F9114C124DAC4203DA54F8041B9E
:1003C0008847F9E707F0C8BA00060020002200209D
:1003D0000000000808ED00E00000002000060020FA
:1003E000F89D0008002200207422002078220020BE
:1003F00034670020E0020008E0020008E002000884
:10040000E00200082DE9F04F2DED108AC1F80CD064
:10041000D0F80CD0BDEC108ABDE8F08F002383F338
:1004200011882846A047002006F080F9FEE706F074
:10043000D9F800DFFEE7000053B94AB9002908BF28
:1004400000281CBF4FF0FF314FF0FF3000F074B9AF
:10045000ADF1080C6DE904CE00F006F8DDF804E01B
:10046000DDE9022304B070472DE9F047089D0446FA
:100470008E46002B4DD18A42944669D9B2FA82F257
:1004800052B101FA02F3C2F1200120FA01F10CFA93
:1004900002FC41EA030E94404FEA1C48210CBEFBCB
:1004A000F8F61FFA8CF708FB16E341EA034306FB54
:1004B00007F199420AD91CEB030306F1FF3080F0E3
:1004C0001F81994240F21C81023E63445B1AA4B230
:1004D000B3FBF8F008FB103344EA034400FB07F7D2
:1004E000A7420AD91CEB040400F1FF3380F00A8113
:1004F000A74240F207816444023840EA0640E41B08
:1005000000261DB1D4400023C5E900433146BDE8B3
:10051000F0878B4209D9002D00F0EF800026C5E955
:10052000000130463146BDE8F087B3FA83F6002E6D
:100530004AD18B4202D3824200F2F980841A61EBE5
:10054000030301209E46002DE0D0C5E9004EDDE703
:1005500002B9FFDEB2FA82F2002A40F09280A1EBEB
:100560000C014FEA1C471FFA8CFE0126200CB1FB40
:10057000F7F307FB131140EA01410EFB03F0884239
:1005800008D91CEB010103F1FF3802D2884200F2C6
:10059000CB804346091AA4B2B1FBF7F007FB101158
:1005A00044EA01440EFB00FEA64508D91CEB0404F6
:1005B00000F1FF3102D2A64500F2BB800846A4EB51
:1005C0000E0440EA03409CE7C6F12007B34022FA3C
:1005D00007FC4CEA030C20FA07F401FA06F31C436B
:1005E000F9404FEA1C4900FA06F3B1FBF9F8200C78
:1005F0001FFA8CFE09FB181140EA014108FB0EF0BE
:10060000884202FA06F20BD91CEB010108F1FF3A0D
:1006100080F08880884240F28580A8F10208614419
:10062000091AA4B2B1FBF9F009FB101144EA014127
:1006300000FB0EFE8E4508D91CEB010100F1FF34D2
:100640006CD28E456AD90238614440EA0840A0FB6A
:100650000294A1EB0E01A142C846A64656D353D040
:100660005DB1B3EB080261EB0E0101FA07F722FA64
:1006700006F3F1401F43C5E9007100263146BDE88D
:10068000F087C2F12003D8400CFA02FC21FA03F3F0
:10069000914001434FEA1C471FFA8CFEB3FBF7F071
:1006A00007FB10360B0C43EA064300FB0EF69E4296
:1006B00004FA02F408D91CEB030300F1FF382FD22F
:1006C0009E422DD9023863449B1B89B2B3FBF7F6D7
:1006D00007FB163341EA034106FB0EF38B4208D9B0
:1006E0001CEB010106F1FF3816D28B4214D9023EF1
:1006F0006144C91A46EA004638E72E46284605E70F
:100700000646E3E61846F8E64B45A9D2B9EB0208DF
:1007100064EB0C0E0138A3E74646EAE7204694E76F
:100720004046D1E7D0467BE7023B614432E73046A2
:1007300009E76444023842E7704700BF38B501F06A
:1007400007FA01F0B7FB06F02FFF054607F05CF84B
:10075000044610BB134B9D4221D001339D4241F210
:10076000883504BF0124002501F01AFC20B10025C2
:10077000032000F069F82C46002006F01FFF0CB1A2
:1007800000F078F801F036FB00F026FD08B100F02B
:1007900071F8284600F01CF9F9E70025E4E7054662
:1007A000E2E700BF010007B008B501F09DF9A0F134
:1007B00020035842584108BD07B541F212030221F7
:1007C00001A8ADF8043001F0ADF903B05DF804FB09
:1007D00038B5302383F31188174803680BB106F04E
:1007E00089F80023154A4FF47A71134806F078F817
:1007F000002383F31188124C236813B12368013B53
:100800002360636813B16368013B63600D4D2B780F
:1008100033B963687BB9022001F056FA3223636072
:100820002B78032B07D163682BB9022001F04CFA17
:100830004FF47A73636038BD78220020D107000836
:100840009823002090220020084B187003280CD811
:10085000DFE800F008050208022001F02BBA0220B0
:1008600001F01EBA024B00225A607047902200200D
:1008700098230020F8B501F093FB30B14B4B0322D5
:100880001A7000224A4B5A60F8BD4A4B4A4A1C462D
:1008900019680131F8D004339342F9D16268474BAB
:1008A0009A42F1D9464B9B6803F1006303F500338C
:1008B0009A42E9D2002001F065F90220FFF7C4FF57
:1008C000404B00219A6C99641A6F19671A6FDA6CA1
:1008D000D9645A6F59675A6F1A6D19659A6F99677B
:1008E0009B6F394BD3F8802042F00062C3F8802020
:1008F000D3F8802022F00062C3F88020D3F8802053
:10090000D3F8802042F00072C3F88020D3F8802012
:1009100022F00072C3F88020D3F8803072B64FF016
:10092000E023C3F8084DD4E90004BFF34F8FBFF3B1
:100930006F8F264AC2F88410BFF34F8F536923F498
:1009400080335361BFF34F8FD2F8803043F6E076A7
:10095000C3F3C905C3F34E335B0103EA060C294612
:100960004CEA81770139C2F87472F9D2203B13F155
:10097000200FF2D1BFF34F8FBFF36F8FBFF34F8FB5
:10098000BFF36F8F536923F4003353610023C2F820
:100990005032BFF34F8FBFF36F8F302383F3118833
:1009A000854680F3088820476EE700BF902200202C
:1009B000982300200000020820000208FFFF010821
:1009C00000220020004502580044025800ED00E0DB
:1009D0002DE9F04F93B0B44B2022FF2100900AA8DC
:1009E0009D6801F0B1F9B14A1378A3B90121B0486B
:1009F00011700360302383F3118803680BB105F095
:100A000079FF0023AB4A4FF47A71A94805F068FFDB
:100A1000002383F31188009B13B1A74B009A1A603F
:100A2000A64A1378032B03D000231370A24A536005
:100A30004FF0000A009CD3465646D146012001F0F3
:100A400039F924B19C4B1B68002B00F02682002052
:100A500001F04AF80390039B002BF2DB012001F028
:100A60001FF9039B213B1F2BE8D801A252F823F06A
:100A7000F10A0008190B0008AD0B00083D0A000838
:100A80003D0A00083D0A00083F0C00080F0E000850
:100A9000290D00088B0D0008B30D0008D90D0008C2
:100AA0003D0A0008EB0D00083D0A00085D0E000835
:100AB000910B00083D0A0008A10E0008FD0A00087D
:100AC000910B00083D0A00088B0D00083D0A000844
:100AD0003D0A00083D0A00083D0A00083D0A0008DA
:100AE0003D0A00083D0A00083D0A0008AD0B000859
:100AF0000220FFF759FE002840F0F981009B0221F7
:100B000005A8BAF1000F08BF1C4641F21233ADF838
:100B1000143001F007F891E74FF47A7000F0E4FF29
:100B2000071EEBDB0220FFF73FFE0028E6D0013F67
:100B3000052F00F2DE81DFE807F0030A0D101336FF
:100B40000523042105A8059300F0ECFF17E004211C
:100B50005548F9E704215A48F6E704215948F3E7D4
:100B60004FF01C08404608F1040801F00DF804217C
:100B7000059005A800F0D6FFB8F12C0FF2D10120A6
:100B80004FF0000900FA07F747EA0B0B5FFA8BFBFF
:100B900001F026F926B10BF00B030B2B08BF002444
:100BA000FFF70AFE4AE704214748CDE7002EA5D00B
:100BB0000BF00B030B2BA1D10220FFF7F5FD07462D
:100BC00000289BD00120002600F0DCFF0220FFF768
:100BD0003BFE1FFA86F8404600F0E4FF0446B0B141
:100BE000039940460136A1F140025142514100F0C3
:100BF000E9FF0028EDD1BA46044641F21213022162
:100C000005A83E46ADF8143000F08CFF16E72546E7
:100C10000120FFF719FE244B9B68AB4207D92846F9
:100C200000F0B2FF013040F067810435F3E70025A2
:100C3000224BBA463E461D701F4B5D60A8E7002E52
:100C40003FF45CAF0BF00B030B2B7FF457AF02208C
:100C5000FFF7FAFD322000F047FFB0F10008FFF681
:100C60004DAF18F003077FF449AF0F4A08EB0503B7
:100C7000926893423FF642AFB8F5807F3FF73EAFB0
:100C8000124BB845019323DD4FF47A7000F02CFF2E
:100C90000390039A002AFFF631AF039A0137019BB4
:100CA00003F8012BEDE700BF002200209423002071
:100CB00078220020D10700089823002090220020ED
:100CC00004220020082200200C2200209422002070
:100CD000C820FFF769FD074600283FF40FAF1F2D1E
:100CE00011D8C5F120020AAB25F003008449424522
:100CF000184428BF4246019201F000F8019AFF21F2
:100D00007F4801F021F84FEAA803C8F387027C4925
:100D10002846019301F020F8064600283FF46DAF05
:100D2000019B05EB830533E70220FFF73DFD00281B
:100D30003FF4E4AE00F064FF00283FF4DFAE00278C
:100D4000B846704B9B68BB4218D91F2F11D80A9B1D
:100D500001330ED027F0030312AA134453F8203CAA
:100D600005934046042205A9043701F003F98046A3
:100D7000E7E7384600F008FF0590F2E7CDF8148069
:100D8000042105A800F0CEFE02E70023642104A898
:100D9000049300F0BDFE00287FF4B0AE0220FFF700
:100DA00003FD00283FF4AAAE049800F01FFF059051
:100DB000E6E70023642104A8049300F0A9FE0028BC
:100DC0007FF49CAE0220FFF7EFFC00283FF496AEC4
:100DD000049800F00DFFEAE70220FFF7E5FC002889
:100DE0003FF48CAE00F01CFFE1E70220FFF7DCFCD3
:100DF00000283FF483AE05A9142000F017FF074632
:100E00000421049004A800F08DFE3946B9E7322091
:100E100000F06AFE071EFFF671AEBB077FF46EAEF0
:100E2000384A07EB0903926893423FF667AE022007
:100E3000FFF7BAFC00283FF461AE27F003074F44E8
:100E4000B9453FF4A5AE484609F1040900F09CFEFF
:100E50000421059005A800F065FEF1E74FF47A70D3
:100E6000FFF7A2FC00283FF449AE00F0C9FE0028BD
:100E700044D00A9B01330BD008220AA9002000F0BD
:100E80006BFF00283AD02022FF210AA800F05CFF67
:100E9000FFF792FC1C4805F04FFC13B0BDE8F08F43
:100EA000002E3FF42BAE0BF00B030B2B7FF426AE82
:100EB0000023642105A8059300F02AFE07460028B8
:100EC0007FF41CAE0220FFF76FFC804600283FF441
:100ED00015AEFFF771FC41F2883005F02DFC059846
:100EE00000F0C6FF46463C4600F07AFFA6E50646FF
:100EF0004EE64FF0000901E6BA467EE637467CE64C
:100F00009422002000220020A086010070470000EB
:100F100070470000704700002DE9F04100F5803770
:100F2000044616463B7C5BB9C0681030204400F094
:100F3000E5FEE5683544B5F5004FE56002D816B129
:100F4000BDE8F081DEB905F07F0605F11000002153
:100F5000C6F180062044F6B232462E4400F0F4FE7C
:100F6000A06804F11008324600F10060414600F527
:100F7000003006F0B9F830B901233B74E0E74FF4D4
:100F800000463546ECE7A26805F1100140463244C0
:100F90002144A260E268521BE26000F0AFFE022032
:100FA000BDE8F04100F090BE183000F0E9BC000050
:100FB00010B5044601F078F8204610BD10B504467F
:100FC00001F072F8204610BDC0B2A0F14103052B1C
:100FD00002D83738C0B27047A0F16103052B94BF27
:100FE00057383038F6E7000070B504461546084615
:100FF00003220C4900F08CFE014688B908346E1CAF
:1010000015F91100FFF7E0FF024616F91100013152
:10101000FFF7DAFF102940EA021004F8010BEFD1C4
:1010200070BD00BF949300082DE9F04FADF53F7DF2
:101030000746416801222AA802F018FF002840F064
:1010400087800646824681461125DFF80C81DFF84D
:101050000CB101AB4FF4805241462AA803F066F868
:10106000002875D1019AB2F5805F71D8002A65D049
:101070000446019A9442ECD2282D0FD008DC132D9F
:101080002DD01E2D39D0112D13D00134A4B2F0E78C
:10109000322D2DD0372D2FD02D2DF6D13B68121BA0
:1010A00008EB040138461B692D259847BDF804401C
:1010B000EBE7121B022A09D9594608EB040000F09D
:1010C00027FE18B902342825A4B2DEE718F8043048
:1010D0003A2B3DD00A2B1CBFA1461325D5E718F8A3
:1010E00004300A2B34D03A2B04BFA2463225CCE779
:1010F00018F80430202BC8D0264618F804300A2BE4
:101100001AD1AAEB090208EB090102A811254F2AFE
:1011100028BF4F2208F02AF9A21B08EB060116A8E7
:101120004F2A28BF4F2208F021F93B6816AA02A9CE
:10113000DB6838469847A8E71E25A6E73B6838468F
:1011400004491B69984701200DF53F7DBDE8F08FEC
:101150000020F9E770940008A0230020989300086D
:1011600000F1180110B5044686B00846019100F060
:10117000F1FB2046FFF758FF60B1019902A800F08B
:1011800049FC102204F1080102A808F08DF8B0FA19
:1011900080F0400906B010BD70B504460025EEB2DF
:1011A000304600F0FFFC58B100213046013500F018
:1011B00009FD08B9002070BD022000F085FDEEE7B2
:1011C0002046FFF731FF0028F4D004F58034207C5E
:1011D00080F00100EFE70000F0B5C9B006F0FCF9BF
:1011E00000F07EFF18B90025284649B0F0BD6946D9
:1011F0002A4803F05DF800284BD1294C204603F023
:1012000087F8284803F084F8274803F081F821463E
:10121000224803F0F9F80028E5D1702000F03EFFE5
:10122000064610B1214B44600360336830469B682A
:101230009847054600282ED01A4F1948394603F022
:10124000E3F805460028CED1194800F027FF0446F0
:1012500038B1184B4760036000F58033C0E9025590
:101260001D74236820469B689847054628B10E499F
:101270000C4803F0C9F80028B5D1336830465B68E4
:1012800098471CB1236820465B68984700F010FF20
:10129000AAE70025FAE70446EFE700BF9C930008A1
:1012A000AC930008C3930008D9930008FC9300088E
:1012B00014000100189400082DE9F04FD44A8DB0B5
:1012C0000B68D0F804A001931A440368D14E1A4465
:1012D000D1F81C90DFF8B4C3DFF8B4B3D0E902341E
:1012E000634003EA0A03634013444A6802920AEB2C
:1012F0007363029CC84A2244C468224484688AEA10
:1013000004051D40654015448A68039203EB35557A
:10131000039CC24A2244846822448AEA03042C4083
:1013200084EA0A041444CA6805EBF43404921644AF
:1013300083EA0502224056445A4032440E6905961B
:1013400004EBB222059FB64E3E441E4485EA0403D8
:1013500013406B4033444E69069602EB7363069F5D
:10136000B04E3E442E4484EA02051D40654035449B
:101370008E69079603EB3555079FAB4E3E442644D6
:1013800082EA03042C4054403444A84E4E4405EBFA
:10139000F434164483EA050222405A4032440E6A6D
:1013A000089604EBB222089FA14E3E441E4485EAF3
:1013B000040313406B4033444E6A099602EB736397
:1013C000099F9C4ED1F830E03E44D1F83880F34478
:1013D0002E4484EA02051D40654035448E6AA6F518
:1013E000244703EB35550A964F3F274482EA03040E
:1013F0002C4054403C44CF6A0B9705EBF4340B9ED1
:101400008D4F3744029E174483EA050222405A401A
:101410003A448A4F774404EBB2221F4485EA04031E
:1014200013406B403B444F6BBC4402EB7363654419
:1014300084EA020C0CEA030C8CEA040C6544DFF825
:1014400054C2C44403EB3555A44482EA03042C403F
:1014500054406444D1F83CC0794905EBF43461440C
:10146000114483EA050222405A400A44754904EBBC
:10147000B2223144079E194484EA02032B406340A0
:101480000B44714902EBF36331440B9E0D4482EA35
:1014900003012140514029446C4D03EBF151354487
:1014A000019E254483EA010414405C402C44684DAD
:1014B00001EBB4443544069E154481EA04021A4007
:1014C0004A402A44634D04EB323235440A9E1D449F
:1014D00084EA02030B4063402B445F4D02EBF3634D
:1014E0003544059E0D4482EA0301214051402944C0
:1014F0005A4D03EBF1516544254483EA010414403D
:101500005C402C44564D01EBB4443544099E1544CF
:1015100081EA04021A404A402A44524D04EB323216
:101520003544049E1D4484EA02030B4063402B446F
:101530004D4D02EBF36345440D4482EA0301214023
:1015400051402944494D03EBF1513544089E2C4448
:1015500083EA010515405D402C44454D01EBB44440
:101560003544039E2A4481EA04051D404D402A4427
:10157000404D04EB32323D442B4484EA020593444F
:101580000D4065402B443C4D02EBF3633544069E11
:10159000294482EA0305254055402944374D03EB91
:1015A000F1514D442C4483EA010515405D4025442A
:1015B00001EBB54581EA050404EA03024A405A44B6
:1015C000A6F5B82B089E05EB3232ABF2BE6B544049
:1015D0005B4423442A4C344402EB33730B9E0C448B
:1015E00085EA020159402144264C344403EB7151F1
:1015F000029E254482EA03044C402544224C444484
:1016000001EB3545144483EA01026A40224443E079
:1016100078A46AD7EECEBDC156B7C7E8DB702024E8
:10162000AF0F7CF52AC68747134630A8019546FDC3
:10163000D8988069AFF7448BBED75C892211906B34
:101640002108B44962251EF640B340C0515A5E26B7
:10165000AAC7B6E95D102FD65314440281E6A1D87B
:10166000C8FBD3E7E6CDE121D60737C3870DD5F414
:10167000ED145A4505E9E3A9F8A3EFFCD9026F6719
:1016800081F6718722619D6D0C38E5FD937198FD9F
:101690008A4C2A8D8E4379A6934C344405EB7222F2
:1016A000059E1C4481EA0503534023448F4C344477
:1016B00002EB33730A9E0C4485EA0201594021442F
:1016C0008B4C4C4403EB7151254482EA03044C409B
:1016D0002C44884D354401EB3444019E154483EA83
:1016E000010262402A44844D3D4404EB72221D44B1
:1016F00081EA040353402B44804D354402EB33739D
:10170000049E294484EA02055D4029447C4D354409
:1017100003EB7151079E254482EA03044C402C449C
:10172000784D354401EB3444099E2A4483EA01058F
:1017300065401544744A324404EB7525039E1344F6
:1017400081EA04026A401A44704B734405EB32721A
:101750000B4484EA0501514019446D4B634402EB8C
:1017600071511C4485EA02034B401C44694B3344CD
:1017700001EB3444019E1D4482EA010363402B4483
:10178000654D04EB73233544069E154463EA01025C
:1017900062402A44614D03EBB2624D4462EA04099F
:1017A00029445F4D89EA0309454449442C445D4D71
:1017B00002EBB1513544049E61EA03081D4488EAF6
:1017C0000208444401EB744464EA02034B402B4496
:1017D000554D04EBF323754463EA010E15448EEA7C
:1017E000040E0EEB0502514D03EBB262354462EA82
:1017F000040E29440A9D8EEA030EA5F580164C4D71
:101800007144A6F6833602EBB151264461EA030423
:1018100054403444029E01EB7444354464EA0206A9
:101820001D444E407319089E424D04EBF32335448A
:1018300063EA01061544664072193F4D03EBB2623C
:10184000654462EA040629443C4D5E403144079EEB
:1018500002EBB151354461EA03062C44384D564041
:101860003D443444059E1D4401EB744464EA020384
:101870004B402B44334D04EBF32335440B9E15446E
:1018800063EA010262402A442F4D03EBB262354401
:10189000039E0D4462EA0401594029442B4D02EB9A
:1018A000B15135442A4E254461EA030454402C4486
:1018B000099D01EB74442E4464EA02051E4485EA46
:1018C00001039D1903681A440AEB040303EBF52393
:1018D0000260436083681C44C36819448460C1602B
:1018E0000DB0BDE8F08F00BF44EABEA4A9CFDE4B27
:1018F000604BBBF670BCBFBEC67E9B28FA27A1EA30
:101900008530EFD4051D880439D0D4D9E599DBE6BC
:10191000F87CA21F6556ACC4442229F497FF2A43E1
:10192000A72394AB39A093FCC3595B6592CC0C8F71
:10193000D15D84854F7EA86FE0E62CFE144301A3A1
:10194000A111084E827E53F735F23ABDBBD2D72A99
:1019500091D386EB094B036003F18833436003F1B5
:101960002943A3F59613A3F68B638360A3F1883311
:10197000C3600023C0E90433704700BF01234567FB
:101980002DE9F8431446026905460E46E300C2F30A
:10199000C50800F118079B18036122BF4369013392
:1019A000436112F4FC7F436903EB5473436114D029
:1019B000C8F1400907EB08004C4504D22246BDE8B7
:1019C000F84307F0A3BC403C4A464E4407F09EFC57
:1019D000444439462846FFF76FFCA04606EB04094D
:1019E000B8F13F0FA9EB08010AD94022384607F0A9
:1019F0008DFC39462846A8F14008FFF75DFCEFE76B
:101A0000A1096FF03F02384602FB014206EB81114B
:101A1000D5E7000070B50B6901F1180506460C46C4
:101A2000C3F3C503EA18501C8022EA54C3F13F02F5
:101A3000072A1FD8002100F087F929462046FFF722
:101A40003BFC38220021284600F07EF92369294614
:101A50002046236563696365FFF72EFC214610224B
:101A6000304607F053FC204658220021BDE8704064
:101A700000F06AB9C3F137020021E5E72DE9F84F1C
:101A80004FF47A7306460D46002402FB03F7DFF895
:101A90005080DFF8509098F900305FFA84FA5A1CB1
:101AA00001D0A34210D159F824002A4631460368D8
:101AB000D3F820B03B46D847854205D1074B0120DB
:101AC00083F800A0BDE8F88F0134042CE3D14FF473
:101AD000FA7004F031FE0020F4E700BFE433002088
:101AE0001022002014220020002307B50246012105
:101AF0000DF107008DF80730FFF7C0FF20B19DF80A
:101B0000070003B05DF804FB4FF0FF30F9E7000079
:101B10000A46042108B5FFF7B1FF80F00100C0B20A
:101B2000404208BD074B0A4630B41978064B53F8BB
:101B30002140014623682046DD69044BAC4630BC99
:101B4000604700BFE433002014220020A08601007B
:101B500070B50A4E00240A4D05F06AFA30802868F4
:101B60003388834208D905F05FFA2B6804440133B7
:101B7000B4F5003F2B60F2D370BD00BFE633002008
:101B8000A033002005F02EBB00F1006000F500300E
:101B90000068704700F10060920000F5003005F029
:101BA000A3BA0000054B1A68054B1B889B1A834299
:101BB00002D9104405F038BA00207047A033002045
:101BC000E633002038B50446074D29B12868204483
:101BD000BDE8384005F040BA2868204405F02AFAEC
:101BE0000028F3D038BD00BFA0330020002070478C
:101BF00000F1FF5000F58F10D0F80008704700008A
:101C0000064991F8243033B100230822086A81F88C
:101C10002430FFF7BFBF0120704700BFA43300206E
:101C2000014B1868704700BF0010005C194B013869
:101C30000322084470B51D68174BC5F30B042D0C27
:101C40001E88A6420BD15C680A46013C82421346BC
:101C50000FD214F9016F4EB102F8016BF6E7013AA9
:101C600003F10803ECD181420B4602D22C2203F887
:101C7000012B0424094A1688AE4204D1984284BF3D
:101C8000967803F8016B013C02F10402F3D1581A73
:101C900070BD00BF0010005C242200205894000892
:101CA000022803D1024B4FF080529A61704700BF67
:101CB00000100258022803D1024B4FF480529A615F
:101CC000704700BF00100258022804D1024A53692D
:101CD00083F48053536170470010025870B5044676
:101CE0004FF47A764CB1412C254628BF412506FB9E
:101CF00005F0641B04F020FDF4E770BD002310B56F
:101D0000934203D0CC5CC4540133F9E710BD00000A
:101D1000013810B510F9013F3BB191F900409C42E8
:101D200003D11AB10131013AF4E71AB191F9002057
:101D3000981A10BD1046FCE703460246D01A12F965
:101D4000011B0029FAD1704702440346934202D096
:101D500003F8011BFAE770472DE9F8431F4D1446BD
:101D60000746884695F8242052BBDFF870909CB354
:101D700095F824302BB92022FF2148462F62FFF727
:101D8000E3FF95F824004146C0F1080205EB80000E
:101D9000A24228BF2246D6B29200FFF7AFFF95F8C5
:101DA0002430A41B17441E449044E4B2F6B2082E1B
:101DB00085F82460DBD1FFF723FF0028D7D108E0A6
:101DC0002B6A03EB82038342CFD0FFF719FF002871
:101DD000CBD10020BDE8F8830120FBE7A43300202D
:101DE000024B1A78024B1A70704700BFE433002090
:101DF00010220020F8B5194C194803F0A5FF214620
:101E0000174803F0CDFF24684FF47A70154ED4F8CC
:101E10009020154DD2F80438114F43F00203C2F858
:101E20000438FFF75BFF2046104904F0C7F8D4F8E8
:101E300090200424D2F8043823F00203C2F80438B6
:101E40004FF4E133336055F8040BB84202D0314609
:101E500003F0D8FE013CF6D1F8BD00BF6C9C000831
:101E600018490020CC33002014220020749C000864
:101E70000C4B70B50C4D04461E780C4B55F82620C3
:101E80009A420DD00A4B002118221846FFF75CFF3A
:101E90000460014655F82600BDE8704003F0B2BE6C
:101EA00070BD00BFE4330020142200201849002038
:101EB000CC330020F8B571B6002301201A4619462C
:101EC00002F008FE0446802005F02CFA002849D0D4
:101ED0000025254A80274FF4D06C3D26136913F066
:101EE000C06F26D1D2F8103113F0C06F21D1236812
:101EF00005F1006199602368D86023685F602368FA
:101F0000C3F800C021680B6843F001030B6021682F
:101F10000B6823F01E030B6021680B68DB07FCD401
:101F2000237B8035616806FA03F3B5F5001F0B606B
:101F3000D4D1204602F004FEB5F5001F11D00024D4
:101F40000A4E0B4D012005F04DF93388A34205D907
:101F500028682044013405F07FF8F6E7002005F0FA
:101F600041F961B6F8BD00BF00200052E633002001
:101F7000A033002030B50A44084D91420DD011F82D
:101F8000013B5840082340F30004013B2C4013F070
:101F9000FF0384EA5000F6D1EFE730BD2083B8EDAF
:101FA000F7B5384A6B46106851686A4603C3082380
:101FB0003549364807F088F90446002833D10A2508
:101FC000334A6B46106851686A4603C30823314997
:101FD0002E4807F079F90446002849D00369B3F583
:101FE000F01F45D8B0F8661042F6373291423FD123
:101FF000294A024402F15C018B4239D35C3B2349FC
:1020000000209E1AFFF7B6FF04F16401074632462E
:102010000020FFF7AFFFA3689F4229D1E3689842F1
:1020200008BF002524E00369B3F5F01F27D8418BD2
:1020300042F63732914220D1174A024402F1100190
:102040008B4218D3103B114900209D1AFFF792FFD5
:1020500004F1180106462A460020FFF78BFFA3680B
:102060009E4202D1E368984201D00D25A8E70025E1
:10207000284603B0F0BD1025A2E70C25A0E70B25EC
:102080009EE700BF68940008DCFF1D000000020806
:102090007194000890FF1D000800FEF7012188429E
:1020A00038BF084605F076B908B105F077B9704732
:1020B00010B5084C01220849002001F0B3FE237836
:1020C0003BB1064803F016FD044803F049FD002328
:1020D000237010BDE83300207C940008C83600202F
:1020E0001D482DE9F041036D2BB901224FF48051B9
:1020F000503005F0DBFA194E33780BB1FFF7D8FFFB
:102100000324174F4FF00008134D15492846C7F810
:10211000048003F017FD284603F050FB48B1013C52
:10212000284603F01DFD14F0FF04EED12046347064
:102130000FE00C4901220C4801F074FE014618B171
:10214000284603F0D7FCEAE7084800F011F8012020
:102150003070BDE8F08100BFC8360020E8330020B1
:102160003C2200207C940008EC330020809400087E
:102170000FB4002004B07047006870470346006841
:10218000596870470B0A017043700B0C090E83707D
:10219000C1707047110A027003714170110C120E68
:1021A0008170C2701A0A42711A0C1B0E8271C371BF
:1021B00070470000C36A0239023B8B4283BF4389E8
:1021C000006C01FB0300002070470000C2F30723EE
:1021D0008A76CB760378032B01BF120C0A75120A9C
:1021E0004A75704700F10B010022D30143EA520304
:1021F00010F8012B52FA83F38842DAB2F5D1104677
:102200007047000010B541780446002001310246B5
:102210004901022A16BFA35C032203EBC03302F17B
:1022200001021EBF9BB203EB500398B29142F0D85B
:1022300010BD000002684AB1134613F8011B1F29A4
:102240000DD93A29F9D1911C8B4202D04FF0FF30C1
:1022500070471278302AF9D1036000207047014B93
:10226000187870473836002038B50D46044618B93E
:10227000092000232B6038BD0368002BF8D01A78A2
:10228000002AF5D08188DA889142F1D1587804F09B
:10229000EFFB10F00100EBD12368EBE738B50D46FA
:1022A00040F25231144602F0B9F9FF2807D9012C47
:1022B0000BD9030A022468702B70204638BD30B158
:1022C000002CFAD001242870F7E70024F5E7044633
:1022D000F3E700002DE9F8430026D0F8008005461A
:1022E0000C468E76836B002B4AD098F80030042B76
:1022F0004BD133463546402720E0B7F5187F80F0B4
:10230000C480F90606F1010608BF0237D05B023728
:102310002BB900F5205292B2B2F5006F0DD305F142
:102320001A01C5F1FF0240EA03402144FFF7B6FF5E
:10233000002800F0AA80054400200346D8F81020A9
:1023400092F82310B142D8D8002B40F09E80002D87
:1023500000F09B8000232544AB766373D8F81020EF
:10236000137903F03701DB0621730BD402F1380037
:10237000FFF704FFC4E9000193896381D3892381B6
:10238000BDE8F88300200146F4E7C36C01335ED159
:10239000EA6B00232E26551E184615F8011F013042
:1023A00020290CD0052908BFE521092804D10B2BD1
:1023B0009EBFE71801337E73E718013379730B284A
:1023C000EBD1E11800204873A17E00294BD1002BEE
:1023D00040D06FF00C0604F10D000825361B3318B1
:1023E00010F8011B002938D02E298BB24AD0A3F156
:1023F0004101192903D8117B0D4200D0203303730A
:10240000EDE7B9F1000F05D100F520539BB2B3F50C
:10241000006F0BD307F11A01C7F1FF0240EA094030
:102420002144FFF73BFF48B10744002002368146B4
:10243000D8F80C30985B0028E3D13846B9F1000F8A
:102440004FF0000218BF002023189A76A0E7B1468B
:102450003746EDE73F23A3760123234400219976F5
:10246000137B03B96373D37A02F11C0003F03F03BB
:1024700023730023FFF780FE20606360D38A6381AB
:10248000138B7CE710250B46B9E73F230125A37684
:1024900060E7000038B50546002435F8020B08B99E
:1024A000204638BD02F0EEF86308C2B203EBC43335
:1024B00012FA83F39AB2C0F3072303EB520303EB40
:1024C000C2339CB2E9E7000037B5C37804461BB9B4
:1024D0000025284603B030BD00F14C01826C012379
:1024E0004078019104F0EAFA054680B9A36BE070E8
:1024F000A06C226BC31A9342EAD2A3780199022BF3
:10250000E6D102440123607804F0D8FAE1E701251E
:10251000DFE7000038B5836C05460C468B4210D0CF
:10252000FFF7D2FF60B92246012305F14C0168781C
:1025300004F0A0FA00281CBF4FF0FF340120AC6467
:1025400038BD0020FCE7000038B500230446C37006
:102550004FF0FF338364FFF7DDFF00284BD1B4F861
:102560004A524AF655239D4207D10B22254904F1D0
:102570004C0006F099FE00283FD094F84C30EB2B2D
:1025800003D01833DBB2012B2ED84AF655239D42D7
:1025900006D108221C4904F19E0006F085FE48B3CE
:1025A000B4F85730B3F5007F1ED194F85930DBB141
:1025B0005A1E1A4218D1B4F85A30ABB194F85C30B4
:1025C000013B012B10D8B4F85D306BB1B4F85F302B
:1025D0007F2B06D804F16C00FFF7CEFDB0F5803FED
:1025E00002D3B4F8623053B94AF6552085420CBF85
:1025F0000220032038BD0420FCE70120FAE7002078
:10260000F8E700BFAC940008B894000802392DE93F
:10261000F04701F007044FF0010A466C05460AFA3C
:1026200004F41746984606EB1136C1F3C809E4B224
:10263000314628460136FFF76DFF18B10120BDE88D
:10264000F087994605EB090292F84C30234214BFFB
:1026500001210021414513D06340013F82F84C30F5
:1026600085F803A0EBD0640014F0FF04EAD109F16F
:10267000010301244FF00009B3F5007FE1D1D7E752
:102680000220DCE701290246F8B50C4640F28C80B6
:102690000668F36A8B4240F287803378013B032B54
:1026A00000F28280DFE803F00229384B04EB540586
:1026B000B16B304601EB5521FFF72CFF10B14FF005
:1026C000FF30F8BD6F1CC5F30805B16B30463544CB
:1026D00001EB572195F84C50FFF71CFF0028EED175
:1026E000C7F30807E3073E4496F84C0045EA00208C
:1026F0004CBF0009C0F30B00E3E7B16B304601EBC0
:102700001421FFF707FF0028D9D1640004F4FF74F7
:102710002644B6F84C00D4E7B16B304601EBD41137
:10272000FFF7F8FE0028CAD1A40006F14C0004F41B
:10273000FE742044FFF720FD20F07040C1E7D0E98F
:102740000430D57953EA000101D0916801B95DBB2D
:102750009168022DA4EB01010DD1013B728940F17A
:10276000FF305B0A43EAC053B3FBF2F399421BD834
:102770001CD0601CA5E7032D02D193698B42F8D8C9
:10278000D3699BB9B16B304601EBD411FFF7C2FEA0
:10279000002894D1A0004C3600F4FE703044FFF7BE
:1027A000EBFC20F000408CE701208AE76FF000404E
:1027B00087E70000F8B5066804460D463378042B19
:1027C0000CBF4FF080524FF400128A4201D8022011
:1027D000F8BDCA06FBD182680163D2B9022B13D8B7
:1027E0003389B3EB551FF2D9F36BA363A36B626319
:1027F000002BECD003EB55234C36C5F30805002025
:10280000A3633544E563E3E7F36BC271002BE7D0C4
:102810001A4677897F02BD42114604D23046FFF73F
:10282000C9FCA063E2E72046FFF72CFF431C0246E9
:1028300006D00128CBD9F36A8342C8D9ED1BEAE759
:102840000120C5E701292DE9F04706460C46174649
:1028500008D9C36A8B4205D90378022B62D003D80A
:10286000012B22D0022552E0033B012BFAD8816BC9
:1028700001EBD411FFF74EFE0546002847D1A40016
:1028800006F14C0304F4FE741C443378042B07D087
:10289000204627F07047FFF76FFC00F070400743B9
:1028A00039462046FFF76EFC2FE001EB5108816BA3
:1028B00001EB5821FFF72EFE054640BB14F0010442
:1028C00006F14C0908F1010AC8F3080808BFFBB279
:1028D00030461FBF19F8083003F00F023B0103F028
:1028E000F00318BF134309F808300123B16BF370EC
:1028F00001EB5A21FFF70EFE054640B9CAF3080A5C
:1029000044B1C7F3071709F80A700123F37028468A
:10291000BDE8F08719F80A30C7F3032723F00F0347
:102920001F43F0E7816B01EB1421FFF7F3FD054630
:102930000028ECD1640006F14C0304F4FF741F5529
:102940001919C7F307274F70DFE70000F8B50446F1
:102950000E461746E3690BB91846F8BD012BA6EBE6
:102960000305206814BFAA1C3A46691CFFF76AFFDA
:102970000028F2D1E369013BE361EBE701292DE98E
:10298000F84306460C461746056802D80220BDE803
:10299000F883EB6A8B42F9D97AB9A14621463046D1
:1029A000A046FFF76FFE0446B0B92B78042B02D186
:1029B000002F43D1F7710020E9E72B78042B02D1D7
:1029C000C379022BE9D04FF0FF3239462846FFF792
:1029D00039FF0028E1D0DAE70128D7D0421C01D125
:1029E0000120D4E72B78042B19D1EA6AAB69023AAB
:1029F00093421CD308F10102A2420CD02B78042B85
:102A000008D10023A2EB090249462846FFF7FEFD44
:102A10000028BCD1A146EB6AA342BFD8C5E700227B
:102A200041462846FFF70EFF0028DED0AFE701330E
:102A3000AB612B7943F001032B71DBE7F3798BB9A1
:102A4000B468BC4202D10223F371B4E72146304698
:102A5000FFF718FE012899D9431CC1D001348442E4
:102A6000EFD0A8E7032BA6D1B368BB42A3D8B269C5
:102A70001344BB429FD3E6E770B5C3790446032BEA
:102A800006D181688369CD18A94203D10023E3717F
:102A9000002070BD4E1C20683246FFF7D3FE002890
:102AA000F7D13146F0E700002DE9F74305460191E3
:102AB000FFF70AFD0446002849D105F14C090199A8
:102AC00028464FF40072FFF775FB2146A8640746BD
:102AD0004846FFF739F96C896402B4F5004F28BF06
:102AE0004FF40044B4F5007F2FD9204604F05AFC7F
:102AF000804630B122460021640A0026FFF724F9FF
:102B000009E06408EEE72346BA194146687803F005
:102B1000D5FF18B926446B899E42F4D3404604F091
:102B200051FC6889801B18BF012003B0BDE8F08309
:102B300001366B899E42F4D20123BA19494668785E
:102B400003F0BCFF0028F3D0EBE70026F1E70120FB
:102B5000EBE70000F8B50446FFF7B6FC0546002891
:102B600042D12378032B37D12779012F34D104F1B7
:102B70004C0601464FF400723046FFF7E5F8552346
:102B80004122722184F84A32AA2304F50D7084F898
:102B90004F2084F84B32522384F8301284F84C30A2
:102BA00084F84D30612384F8311284F84E3084F873
:102BB0003332A16984F83222FFF7E4FA616904F53F
:102BC0000E70FFF7DFFA626B3B46314601326078E8
:102BD000A26403F073FF257100226078114603F0B0
:102BE00091FF003818BF0120F8BD000000232DE937
:102BF000F0430B6085B00F461546FFF71BFB061E22
:102C0000C0F2B281804B53F82640002C00F0AE8118
:102C10003C6005F0FE0523786BB1607803F028FF77
:102C2000C70708D41DB110F0040500D00A252846B6
:102C300005B0BDE8F0830023F0B22370607003F0AC
:102C400003FFC10700F194810DB14207EED40021CA
:102C50002046FFF779FC022840F099806E4604F286
:102C6000122304F25221324618461033FFF784FA39
:102C700042F8040B8B42F7D1002556F8041B0029BB
:102C80007DD02046FFF760FC012879D80128A26C8E
:102C900040F0C08004F1570304F18C0113F8015B8C
:102CA000002D7BD18B42F9D1B4F8B430B3F5807FDD
:102CB00074D194F8B830092B70D104F19400FFF767
:102CC0005DFA4FF0FF33171841F10001BB4275EB7D
:102CD000010363D304F1A000FFF74EFA94F8BA3071
:102CE0002063012BA37059D194F8B99003FA09F924
:102CF0001FFA89F36381002B50D0444B04F1A800E4
:102D0000FFF73AFA0646984248D8831C626304F1FA
:102D1000A400E362FFF730FA00EB020804F19C0024
:102D2000C4F84080FFF728FA10441FFA89F2A06324
:102D300006FB02F313EB080345EB05029F4271EB20
:102D400002032BD32E4604F1AC00FFF715FAE06323
:102D500065B96389B34221D9E16B2046FFF72AFAAE
:102D600081192046FFF7D6FB98B90136631993F80D
:102D70004C30812B14D02035C5F30805E8E703203B
:102D80000135042D7FF479AF042807D101E0042830
:102D900001D101254BE701287FF678AF0D2546E7E5
:102DA00005F1140004F14C063044FFF7E5F9012861
:102DB0000546F3D9E36A8342F0D96189821E236C08
:102DC00002FB01336364A16B204601EBD511FFF7D1
:102DD000A1FB0028DDD105F07F0006EB8000FFF7A6
:102DE000CBF9431C03D00135A842ECD0D6E704252B
:102DF000C4E90500064A257000251388E561013302
:102E00009BB21380E38012E73C360020FDFFFF7F7A
:102E100040360020B4F85730B3F5007FBED1B4F887
:102E2000626026B904F17000FFF7A6F9064694F82F
:102E30005C302663591EA3700129AFD894F859500D
:102E40006581002DAAD0691E2942A7D1B4F85D8002
:102E500018F00F0FA4F80880A0D1B4F85F0018B9DB
:102E600004F16C00FFF788F9B4F85A10002995D0E6
:102E700006FB03FE01EB181CF44460458ED3A0EB67
:102E80000C00A842B0FBF5F388D33E48834285D8B6
:102E90004FF6F57083426DD903259F1C114402EB58
:102EA0000C03032DE7626263A16323644CD1B4F881
:102EB000763053EA08037FF471AFBB0004F1780069
:102EC000FFF75AF9E06303F2FF13B6EB532FFFF459
:102ED00065AF4FF0FF33032DC4E905334FF0800396
:102EE000237187D1B4F87C30012B83D1511C20464B
:102EF000FFF710FB00287FF47DAFB4F84A224AF6B2
:102F0000552320719A427FF475AF1F4B04F14C009A
:102F1000FFF732F998427FF46DAF03F1FF5304F5E8
:102F20000C70FFF729F903F50053203398427FF422
:102F300061AF04F50D70FFF71FF9A06104F50E7085
:102F4000FFF71AF9606155E7B8F1000F3FF426AFBB
:102F50007144022D4FEA4703E1631EBFD91907F000
:102F6000010303EB5103AEE70B2560E60C255EE69B
:102F700003255CE640F6F575AB428CBF02250125C2
:102F80008BE700BFF5FFFF0F525261412DE9F84F6B
:102F900007460568884649B96E69C6B1EB6AB3420F
:102FA00098BF0126AB69A3B9002405E0FFF76AFBCF
:102FB0000128044603D801242046BDE8F88F421CAE
:102FC00000F0D280EB6A8342F6D84646EAE7012653
:102FD000E8E72A78EB6A042A40F08380A6F1020A27
:102FE000023B4FF0010B9A4528BF4FF0000AD14633
:102FF000696C284601EB1931FFF78CFA00283BD1A8
:1030000009F00703EA6AC9F3C8010BFA03F3901E3B
:10301000DBB26A184C4609F1010992F84C2081454F
:1030200002EA030233BF5B0000234FF40071DBB2FE
:1030300028BF9946B2B90234631E0333BCD80123BA
:10304000214628461A46FFF7E1FA0228B3D00128A4
:1030500000F08A80B8F1000F13D10223FB71002821
:10306000A9D130E0CA450AD0002BD2D10131B1F547
:10307000007FBDD20123CCE74FF0FF34DCE7002412
:10308000DAE7FB79022B07D1731CA342E7D0BB68B8
:10309000F31ABB610323FB7108F10102FB69A24231
:1030A00005D113B10133FB61D9E70223FBE70BB96B
:1030B0000123FB61224641463846FFF747FC0028C2
:1030C0004FD10123FB61EA6AAB69023A6C6193421A
:1030D0009CBF03F1FF33AB612B7943F001032B71EC
:1030E0006AE7464514D1741C3846A34298BF0224AF
:1030F0002146FFF7C7FA01283FF45DAF431C33D0E8
:10310000E0B16B69012B03D9EA6A934238BF1E46CE
:1031100034460134EB6AA34203D8012E7FF644AF54
:10312000022421463846FFF7ADFA48B101283FF4A2
:1031300042AF013018D0B442EBD135E7002CE7D0D4
:103140004FF0FF3221462846FFF77CFB48B9B8F123
:10315000000FB8D0224641462846FFF773FB0028EF
:10316000B1D001287FF427AF4FF0FF3424E70000EF
:103170002DE9F84306680446076B89463378203703
:10318000042B0CBF4FF080534FF40013BB429CBF85
:1031900000238363836B73B1C7F30808B8F1000F92
:1031A0003CD10133416B836339B93389B3EB571F8A
:1031B00034D80023A36304200AE07389013B13EA97
:1031C00057232BD1FFF75EFA0128054602D80220CB
:1031D000BDE8F883421C01D10120F9E7F36A83427C
:1031E00016D8B9F1000FE4D0616B2046FFF7CEFE90
:1031F0000546C8B10128EAD0431CEDD0014630464F
:10320000FFF752FC0028E7D1E37943F00403E371B0
:10321000294630466563FEF7CDFFA0634C3600209B
:1032200027634644E663D3E70720D1E7F8B50E46A7
:10323000002104460768FFF7BDFA98B90546A16B5F
:103240003846FFF767F968B93A78E36B042A1B78C8
:103250000CD11B060ED5054601212046FFF788FF3D
:103260000028ECD0042808BF072006E0E52B01D099
:10327000002BF0D10135B542EED1F8BDC16C4B1C2D
:103280002DE9F04104460568066B1FD1E5274FF094
:103290000108A16B2846FFF73DF998B92A78E36B3E
:1032A000042A09BF1A781F7002F07F021A7085F88D
:1032B0000380236BB3420DD200212046FFF758FF55
:1032C0000028E6D0042808BF022003E0FFF772FAC6
:1032D0000028DBD0BDE8F0812DE9F041054600680B
:1032E000A96B0669FFF716F9044620B9EB6B1A784B
:1032F000852A03D002242046BDE8F081324603F13E
:10330000200153F8040B8B4242F8040BF9D1777873
:1033100001377F01A7F16003B3F5007FEAD80021F0
:103320002846FFF725FF04280446E3D00028E2D111
:10333000A96B2868FFF7EEF804460028DBD1EB6B99
:103340001A78C02AD6D106F1200203F1200153F8E1
:10335000040B8B4242F8040BF9D196F823300F226C
:103360002C33B3FBF2F3B7EB431FC3D34FF040084A
:1033700000212846FFF7FCFE04280446BAD00028A6
:10338000B9D1A96B2868FFF7C5F804460028B2D167
:10339000EB6B1A78C12AADD1B8F5187F09D206EBCC
:1033A000080203F1200153F8040B8B4242F8040B8E
:1033B000F9D108F120084745DAD8B8F5187F9AD82E
:1033C0003046FEF71FFF7388834294D092E70000D7
:1033D0000B68002210B5036004460B6A83604B6AD9
:1033E000C261C37123F0FF03896AC0E90432C1647A
:1033F000FFF7E0F920B92046BDE81040FFF76CBFA9
:1034000010BD0000F8B50368054601271C69204679
:10341000FEF7F8FEA070000A6678E0702846E96CB6
:10342000FFF7C8F920B1022828BF0220C0B2F8BDBA
:10343000A96B2868FFF76EF80028F4D1EB6B04F154
:10344000200254F8041B944243F8041BF9D12B6862
:10345000DF70002EE7D000212846013EFFF788FEEE
:10346000E0E700002DE9F8434FF0FF080646076843
:10347000042445464FF6FF79B16B11B9002C73D087
:1034800063E03846FFF746F8044600285DD1F06B4C
:103490000378002B6ED03A78042A11D1852B4DD1B8
:1034A000336B3046F364FFF717FF044600284CD116
:1034B0003B691B7903F03F03B3712046BDE8F883F5
:1034C000C27AE52B02F03F02B27143D02E2B41D0DD
:1034D00022F0200108293DD00F2A40D1590637D5C6
:1034E00003F0BF05336B90F80D80F364437B4345D5
:1034F00030D1428B72BB03780D21FC6823F040036E
:10350000DFF874E0013B4B4301211EF801CB30F89A
:103510000CC009B3FF2B1DD824F813C0614601333A
:1035200001320D2AF1D10278520605D521B1FF2BC7
:1035300010D8002224F81320013DEDB200213046BE
:10354000FFF716FE0446002896D00023B363B4E7C5
:10355000AB42CBD0FF25F1E7CC45E1D0FAE72DB95E
:10356000FEF740FE404501D10024A6E74FF0FF33AF
:10357000F364A2E70424E8E7549500082DE9F04F2E
:10358000002187B00446D0F80090FFF713F9804679
:1035900070B999F80030042B33D1D9F80C00FEF73C
:1035A00079FF07462046FFF75DFF054620B18046BC
:1035B000404607B0BDE8F08FD9F810309A8CBA4277
:1035C000F0D193F823B040265D4506D1D9F80C30F0
:1035D00033F81530002BE5D1EAE7F106D9F81030C1
:1035E00008BF0236985B01F04DF8D9F80C308246DE
:1035F00033F8150001F046F88245D3D10236013583
:10360000E2E74FF0FF0A4FF0FF3B5546C4F84CB0DD
:10361000A16B4846FEF77EFF00285CD1E66B377849
:10362000002F77D0F27AE52F02F03F03A37103D089
:10363000120704D50F2B04D0C4F84CB04FE00F2B69
:1036400054D194F84B3058063FD4790645D5236BB6
:1036500007F0BF0796F80DA0E364737B53453ED196
:10366000738B002B3BD135780121D9F80C3005F054
:103670003F0501930D23013D5D43284B13F8012BBA
:10368000B25A71B3FF2D059329D81046049200F069
:10369000F9FF6B1C03900293019B33F8150000F0B7
:1036A000F1FF039981421AD1049A029D1146059BAC
:1036B0001B4A9342E2D133785A0604D519B1019BD3
:1036C00033F815305BB97D1EEDB200212046FFF7BF
:1036D0004FFD00289CD080466AE7BD42BDD0FF2543
:1036E000F3E74FF6FF708242E2D0F8E72DB930469B
:1036F000FEF778FD50453FF45BAF94F84B30DB07A5
:103700009AD40B2204F14001304605F0CDFD00288B
:1037100092D14DE74FF004084AE700BF54950008E6
:10372000619500082DE9F04F90F84BB099B0044630
:103730001BF0A00540F068810668F26832F8153089
:10374000002B4AD13378042B40F087800F230E35AD
:103750002046B5FBF3F5A91CFFF768FD814600285C
:1037600077D1236B0135A3EB4515E3795A07E5645F
:1037700035D523F004032046E371FFF77DF950BBF4
:103780004FF0FF32616B2046FFF7E0F818BBA368EB
:103790002BB3214604A8FFF71BFEE0B970894FF454
:1037A0000071D4E90423E0FB01233069C4E9042358
:1037B0003830FEF7EFFC3069D4E904232830FEF7F7
:1037C000E9FCE379326904A843F0010382F821306F
:1037D000FFF718FE18B181463BE00135AEE7D6E9A8
:1037E0000354402200212046FEF7AEFA8523012132
:1037F00040222370C0234FF0C10C04EB010884F871
:10380000203000231E469E46571C04F802C0F0B22A
:10381000023204F807E021B135F8131009B1013381
:10382000DBB20F0AA15408F802700232D706F2D1B7
:1038300035F813700136002FE6D184F82330831C4D
:1038400028466370FEF726FE84F82400000A84F8F8
:103850002500484619B0BDE8F08F04F140070DF18E
:10386000100A1BF0010F97E807008AE8070000F034
:10387000D38040234FF0010884F84B30BC46F368F6
:10388000B8F1050F9AE80700ACE803002CF8022B0A
:103890004FEA12428CF8002059D9981E424630F85F
:1038A000021F002942D10DF10F0C072102F00F0E6B
:1038B000914612090EF13000392888BF0EF1370009
:1038C00001390CF8010902D0B9F10F0FEED818AB8D
:1038D0007E205A1802F8580C38460022914206D031
:1038E00010F801CB02F1010EBCF1200F31D104F12F
:1038F0003F0C072902F1010297BF18AB202058188E
:10390000013198BF10F8580C072A0CF80200F0D9C2
:103910002046FFF733FE8146002878D108F10108E0
:10392000B8F1640FAAD14FF0070992E74FF0100CDD
:1039300001F0010E49080EEB4202D30344BF82F4AA
:10394000883282F02102BCF1010CF1D1A7E7424696
:10395000A9E77246C2E7216B2046A1EB4511FEF7AD
:1039600029FF814600287FF474AF4FF6FF78384670
:10397000FEF738FC0190A16B3046FEF7CBFD814687
:1039800000287FF466AFE36BE9B2019A4FF00D0CAB
:10399000D6F80CE05A734FF00F02DFF8E0A0DA72AD
:1039A0004A1E18730CFB02F284469876D87640457E
:1039B0001AF8019B0CF1010C18BF3EF8120003EB42
:1039C000090B18BF013203F809004FEA102900283B
:1039D00008BF4046BCF10D0F8BF80190E7D1404580
:1039E00002D03EF812200AB941F0400119700123BB
:1039F00000212046F370FFF7BBFB814600287FF4CF
:103A000028AF013DB7D11BE04FF0060921E704289C
:103A10007FF41FAF84F84BB01BF0020F20461BBF92
:103A20000C350D210125B5FBF1F518BF01352946EF
:103A3000FFF7FCFB814600287FF40BAF013D8AD1E4
:103A4000A16B3046FEF766FD814600287FF401AF8A
:103A500001462022E06BFEF777F9E36B03CF186095
:103A60005960BA7839889A72198194F84B30E26BB0
:103A700003F0180313730123F370EAE6549500086A
:103A800010B504460A463430FEF776FB886004F130
:103A90003800FEF773FBC2E9040194F8213003F00B
:103AA0000203D3710023D36110BD000003284B8BA8
:103AB00004BF8A8A43EA0243184670472DE9F04F53
:103AC0000B7899B0044689462F2BD0F800B001D06E
:103AD0005C2B09D14A461378914601322F2BFAD03C
:103AE0005C2BF8D0002301E0DBF81C30A36000233E
:103AF000E3619BF80030042B1ED1A368E3B1DBF82F
:103B00002030214604A82362DBF824306362DBF80E
:103B10002830A362FFF75CFC0346002854D1DBF891
:103B2000102002F13800FEF727FBC4E9040392F8E5
:103B3000213003F00203E37199F800301F2B00F2EB
:103B4000358180230021204684F84B3019B0BDE830
:103B5000F04FFEF72FBE49460B78894601312F2BD7
:103B6000FAD05C2BF8D01F2B8CBF00250425012F29
:103B70002FD113882E2B31D1002322F8173004F1D6
:103B800040029F428CBF2E21202101330B2B02F8D3
:103B9000011BF6D145F02005204684F84B50FFF775
:103BA000EDFC94F84B30002800F0E78004280BD19E
:103BB000990603F0040240F1DC80002A00F0F68050
:103BC0008023002084F84B3019B0BDE8F08F042525
:103BD000CDE7022F02D153882E2BCAD0911E87BB6E
:103BE000002322F81730002F00F0118132F8130063
:103BF000194601332028F9D009B92E2801D145F002
:103C00000305901E30F817302E2B01D0013FF9D15B
:103C10004FF020334FF0000A6364D0462364C4F8A9
:103C200047300823481C32F811600090F6B1202E6E
:103C300003D02E2E0DD1B84210D045F003050099C7
:103C4000F0E731F81730202B01D02E2BC8D1013FDF
:103C5000C5E79A4505D20099B9423BD10B2B30D12B
:103C600001E00B2B27D145F003050B2394F84020EE
:103C7000E52A04BF052284F84020082B04BF4FEA40
:103C800088085FFA88F808F00C030C2B03D008F0C2
:103C90000303032B01D145F00205A8073FF57CAFD4
:103CA00018F0010F18BF45F0100518F0040F18BFE9
:103CB00045F0080570E70099B94202D045F00305C8
:103CC000D4D84FEA88080B234FF0080A00975FFA10
:103CD00088F8B4E77F2E15D9304640F25231CDE94D
:103CE000022345F00203019300F098FC10F0800FCE
:103CF0000646DDE9022316D000F07F0646498E5DB8
:103D0000019D46B331464548CDE9012305F018FB36
:103D1000DDE90123F8B9A6F1410189B219291ED8BC
:103D200048F0020810E0FF28EAD9591E8A4503D35B
:103D300045F003059A4682E704EB0A01000A0AF1FE
:103D4000010A019D81F8400004EB0A010AF1010A11
:103D500081F8406073E745F003055F26F4E7A6F1BC
:103D6000610189B219299EBF203E48F00108B6B210
:103D7000EAE7002A08BF052026E75A073FF524AFE7
:103D8000A379DB0645D59BF80000042835D1A3684C
:103D90002146E27923622369DBF8100023F0FF0358
:103DA00013436362E36CA362FFF76AFE2368002794
:103DB000DA6819F8010B00283FF409AF40F25231DC
:103DC000009200F04BFC054608B31F28009A7FF6CE
:103DD000FEAE2F283FF4BFAE5C283FF4BCAE7F2878
:103DE00005D801460E4805F0ABFA009A78B9FF2FC6
:103DF0000DD022F817500137DBE7216B0BF14C0394
:103E0000C1F308011944FFF751FEA060CEE7062078
:103E1000DAE60520D8E600BFD4940008CD94000867
:103E2000C49400081FB5CDE9001003A814460391FF
:103E3000FEF700FA002815DB0B4A52F820300BB1D0
:103E400000211970019B0BB10021197042F820303C
:103E50002CB1002201A96846FEF7C8FE04462046A0
:103E600004B010BD0B24FAE73C3600202DE9F047E2
:103E700098B0904605460191002800F0528102F06A
:103E80003F0603A901A83246FEF7B0FE002840F025
:103E90004681039B4FF48C60049303F083FA07463A
:103EA000002800F04081039B00F500720199D86062
:103EB00004A81A61FFF702FE044620B99DF95B30A1
:103EC000002BB8BF062418F01C0F00F0CD80002C8A
:103ED0004CD0042C40D104A8FFF724FC0446002851
:103EE0003AD146F00806039B1A78042A40F08380F2
:103EF000186929462B60FFF7C3FD039B1E22002192
:103F000018690230FDF720FF039C00211A22206966
:103F10002630FDF719FF236920221A71246903F066
:103F20007BFA0146012208342046FEF72BF9039B59
:103F300004A81B6983F82120FFF764FA044658B9E6
:103F4000A96801B302462846FEF718FDAB68039A3C
:103F50000446013B5361B4B1384603F033FA0CB167
:103F600000232B60204618B0BDE8F0879DF816307E
:103F700013F0110F40F0848018F0040F40F0C98056
:103F800018F0080FAFD1039A31071399936C48BF0B
:103F900046F04006E964AB641078042872D1069BB1
:103FA0009DF817102B62089B106923F0FF030B4349
:103FB00029466B62179BAB62FFF762FDDDF80CA030
:103FC0000024002205F15008BAF806302146404688
:103FD000C5F800A0AB80002385F8306085F831403B
:103FE0006C64C5E90E234FF40072FDF7ADFEB20616
:103FF00053D40024B0E703F00FFA01460090139861
:104000000E30FEF7BFF8139800991630FEF7BAF895
:10401000039C13992078FFF749FD20230022804656
:10402000CB7220461399FEF7D1F8139B0022012191
:104030001A775A779A77DA77039BD970B8F1000F1D
:10404000A1D0414604A8D3F84890FEF797FC044657
:10405000002881D149460398FEF75CFA039B044689
:1040600008F1FF30586176E7002C7FF475AF9DF8BA
:104070001630DC064FD418F0020F84D0D80782D552
:10408000072469E7FFF712FD0023A86001F11C0077
:10409000FEF772F86B61286190E7D5E9046956EA8A
:1040A0000903A6D0BAF80AA0A9684FEA4A2AC5E9C6
:1040B0000E69B24574EB09031BD300242964002C5C
:1040C0007FF44AAFC6F30803002B92D0039C20462E
:1040D000FEF770F808B3760A0123414646EAC9564E
:1040E00082196A64607802F0C5FC041E18BF0124BE
:1040F00032E72846FEF7C6FAB6EB0A06014669F132
:104100000009012803D9431CD3D10124D6E7022496
:10411000D4E7082420E704241EE702241CE7044611
:104120001EE709241EE711241CE700002DE9F04FCB
:10413000994685B00023884603A90446C9F8003093
:104140001646FEF791F8054680BB94F831506DBBDA
:1041500094F8303013F00103009300F0A68004F1CE
:10416000500AD4E90432D4E90E011B1A62EB0102B1
:10417000B34272F1000238BF1E46BEB1D4E90E1040
:10418000C1F30803002B40F08280039B5A894B0A3D
:10419000013A43EAC0531A401BD151EA000309D146
:1041A000A06801280DD8022584F83150284605B0B2
:1041B000BDE8F08F216C20460192FEF763FA019A68
:1041C000EFE7431C04D10123009D84F83130EDE773
:1041D0002064DDF80CB0216C5846FDF7EBFF002899
:1041E000E1D0B6F5007F02EB000731D3BBF80A102F
:1041F00002EB5620730A88429BF8010088BF8B1A95
:104200003A464146019302F035FC0028DBD194F98F
:104210003020019B002A0BDA606CC01B984207D249
:104220004FF40072514608EB4020FDF767FD019BFB
:104230005F02D9F80030F61BB8443B44C9F800309F
:10424000D4E90E32DB1942F10002C4E90E3294E7E0
:10425000626CBA421AD094F93030002B0DDA012387
:1042600051469BF8010002F029FC0028ABD194F8DC
:10427000303003F07F0384F83030039801233A464E
:104280005146407802F0F6FB00289CD16764A16B90
:104290004046C1F30801C1F500775144B74228BF39
:1042A00037463A46FDF72AFDC3E707257EE70000BB
:1042B00070B596B00E460022019002A901A8FEF743
:1042C00095FC0446E0B94FF48C6003F06BF80546AA
:1042D000D8B1029B00F500720199D86002A81A615A
:1042E000FFF7ECFB044640B99DF95330002B0ADB85
:1042F0001EB1314602A8FDF7EDFF284603F062F833
:10430000204616B070BD0624F7E71124F8E7000038
:1043100070B5B8B00222019003A901A8FEF766FCAF
:10432000044608BB039B4FF48C60109303F03AF8EB
:104330000546002866D0039B00F500720199D860FD
:1043400010A81A61FFF7BAFB044650B99DF88B30EC
:10435000980655D4190653D49DF84630DA0706D589
:104360000724284603F02EF8204638B070BD039B82
:1043700004931878042814D104A91869FFF780FB66
:10438000069E9DF84630DB0610D410A8FEF776FF97
:1043900004460028E5D156BB0398FEF7DBFB044634
:1043A000DFE71F99FFF782FB0646EAE7039BDA691E
:1043B000B242D5D024930021269624A81B78042B42
:1043C00001BFDDE90823CDE928239DF817308DF8DA
:1043D0009730FEF7EFF904460028C2D124A8FFF772
:1043E00041F804460028BBD00428BAD1CDE70246E4
:1043F000314604A8FEF7C2FA04460028B1D1CBE743
:104400000624AEE71124AFE7F0B5BDB0CDE900104A
:104410006846FDF70FFF022203A901A8FEF7E6FB9D
:104420000446002841D1039B4FF48C60149302F0A2
:10443000B9FF0546002800F0EE80039B00F50072EE
:1044400014AE0199D8601A613046FFF737FB044675
:1044500040BB9DF89B3013F0A00F40F0D880039B29
:10446000009F1A78042A68D11B6904AC03F1400C40
:104470001868083353F8041C2246634503C21446E7
:10448000F6D15022314628A8FDF738FC394628A835
:10449000FFF714FB044600284CD12A9A169B9A4237
:1044A00006D00824284602F08DFF20463DB0F0BD1E
:1044B000349A209B9A42F4D128A8FFF733F9044696
:1044C0000028EFD1039B04AF1B6993F801E093F838
:1044D00023C09C8C3A46083303CAB24243F8080C06
:1044E00043F8041C1746F5D1039B28A81B6983F8E1
:1044F00001E0039B1A6982F823C01A6982F82440FC
:10450000240A82F825401A691379D9065CBF43F062
:1045100020031371FEF776FF04460028C2D130460F
:10452000FEF7ACFE04460028BCD10398FEF712FB50
:104530000446B7E70428B5D1BEE7239A04AB02F1DD
:10454000200C1068083252F8041C1C46624503C453
:104550002346F6D15022314628A8FDF7CFFB394635
:1045600028A8FFF7ABFA044600284CD12A9A169BDC
:104570009A4296D1349A209B9A4292D128A8FFF76A
:10458000D1F8044600288DD137990DF11D030DF1A6
:104590002D0001F10D0253F8044B834242F8044B05
:1045A000F9D11888012710809B7893709DF81B30F3
:1045B000039CDA0658BF43F02003CB72E770CB7A36
:1045C000DB06ACD5169A2A9B9A42A8D02078FFF732
:1045D0006DFA01462046FDF7EDFD0146C8B12046C3
:1045E000FDF798FF044600287FF45CAF039890F82D
:1045F0006D302E2B93D12A9A00F16C01FDF7E6FD68
:10460000039BDF708BE704287FF44CAFB6E70624EA
:1046100048E7022446E7112447E700007F2810B549
:1046200001D880B210BDB0F5803F13D240F25233B2
:1046300099420FD10849002231F8024B93B28442CB
:1046400003D103F18000C0B2ECE70132802AF3D13C
:104650001346F6E70020E5E7149800087F280DD9F7
:1046600040F25233994208D1FF2806D800F10040A9
:10467000034B803833F8100070470020704700BFAC
:1046800014980008B0F5803FF0B522D21F4A83B2DB
:104690001F49B0F5805F28BF0A46141D34F8042C6A
:1046A0002146AAB1934213D334F8025C2E0AEFB22A
:1046B00052FA85F5A84222DA082E09D8DFE806F07A
:1046C000050A10121416181A1C00801A34F810303B
:1046D0001846F0BD981A00F001001B1A9BB2F7E7CC
:1046E000103BFBE7203BF9E7303BF7E71A3BF5E7E8
:1046F0000833F3E7503BF1E7A3F5E353EEE7043467
:10470000002ECBD101EB4702C7E700BF649500083C
:104710005897000808B5074B074A196801F03D0192
:10472000996053680BB190689847BDE8084003F062
:10473000ADB800BF000002404436002008B5084B69
:104740001968890901F03D018A019A60054AD36818
:104750000BB110699847BDE8084003F097B800BF57
:10476000000002404436002008B5084B1968090CC7
:1047700001F03D010A049A60054A53690BB1906942
:104780009847BDE8084003F081B800BF0000024030
:104790004436002008B5084B1968890D01F03D0129
:1047A0008A059A60054AD3690BB1106A9847BDE83B
:1047B000084003F06BB800BF000002404436002000
:1047C00008B5074B074A596801F03D01D960536AA3
:1047D0000BB1906A9847BDE8084003F057B800BF96
:1047E000000002404436002008B5084B596889098A
:1047F00001F03D018A01DA60054AD36A0BB1106B02
:104800009847BDE8084003F041B800BF00000240EF
:104810004436002008B5084B5968090C01F03D01E9
:104820000A04DA60054A536B0BB1906B9847BDE8F8
:10483000084003F02BB800BF0000024044360020BF
:1048400008B5084B5968890D01F03D018A05DA6009
:10485000054AD36B0BB1106C9847BDE8084003F0D4
:1048600015B800BF000002404436002008B5074BD1
:10487000074A196801F03D019960536C0BB1906CC7
:104880009847BDE8084003F001B800BF00040240AB
:104890004436002008B5084B1968890901F03D012C
:1048A0008A019A60054AD36C0BB1106D9847BDE838
:1048B000084002F0EBBF00BF000402404436002075
:1048C00008B5084B1968090C01F03D010A049A600B
:1048D000054A536D0BB1906D9847BDE8084002F052
:1048E000D5BF00BF000402404436002008B5084B85
:1048F0001968890D01F03D018A059A60054AD36D5A
:104900000BB1106E9847BDE8084002F0BFBF00BF72
:10491000000402404436002008B5074B074A596896
:1049200001F03D01D960536E0BB1906E9847BDE820
:10493000084002F0ABBF00BF000402404436002034
:1049400008B5084B5968890901F03D018A01DA6010
:10495000054AD36E0BB1106F9847BDE8084002F0CE
:1049600095BF00BF000402404436002008B5084B44
:104970005968090C01F03D010A04DA60054A536FD9
:104980000BB1906F9847BDE8084002F07FBF00BFB1
:10499000000402404436002008B5084B5968890DD0
:1049A00001F03D018A05DA60054AD36F13B1D2F8F0
:1049B00080009847BDE8084002F068BF000402404C
:1049C0004436002000230C4910B51A460B4C0B60EE
:1049D00054F82300026001EB430004334260402B93
:1049E000F6D1074A4FF0FF339360D360C2F8083422
:1049F000C2F80C3410BD00BF4436002014990008E2
:104A0000000002400F28F8B510D9102810D0112846
:104A100011D0122808D10F240720DFF8B4E00126B6
:104A2000DEF80050A04208D9002649E00446F4E729
:104A30000F240020F1E70724FBE706FA00F73D42C8
:104A400040D1214C4FEA001C3D4304EB00160EEB15
:104A5000C000CEF80050C0E90123FBB24BB11B48A7
:104A6000836B43F001038363036E43F0010303662A
:104A7000036E17F47F4F09D01448836B43F0020391
:104A80008363036E43F002030366036E54F80C0065
:104A9000036823F01F030360056815F00105FBD1CF
:104AA00004EB0C033D2493F80CC05F6804FA0CF48B
:104AB0003C6021240560446112B1987B00F0B4FC95
:104AC0003046F8BD0130ADE71499000800450258A2
:104AD0004436002010B5302484F31188FFF792FF8C
:104AE000002383F3118810BD10B50446807B00F0CD
:104AF000B1FC01231049627B03FA02F20B6823EA3E
:104B00000203DAB20B604AB90C4A916B21F0010141
:104B10009163116E21F001011166126E13F47F4F43
:104B200009D1064B9A6B22F002029A631A6E22F0A8
:104B300002021A661B6E10BD443600200045025862
:104B400008B5302383F31188FFF7CEFF002383F3EA
:104B5000118808BD836CC26A8B42506810B506D9B3
:104B60005A1E4C0002EB4103B3FBF4F3184410BD92
:104B700001F001038A0748BF43F002034A0748BF18
:104B800043F008030A0748BF43F00403CA0648BFBE
:104B900043F010038A06426B48BF43F020031343DF
:104BA0004363704710B5074C204600F0BFFF064B2B
:104BB0000022C4E91023054BA364054BE363054BB6
:104BC000E36410BDC83600200070005200B4C40475
:104BD0001C3700201C390020C36A0BB90E4BC3627E
:104BE0000379012B0CD10D4B984209D10C4B5A6B18
:104BF00042F480325A63DA6D42F48032DA65DB6D5A
:104C0000436C00221A65DA621A605A605A624FF0E9
:104C1000FF329A63704700BF149A0008C83600201C
:104C2000004502580379012B16D0436C00221A6507
:104C3000DA621A605A605A624FF0FF329A63074B89
:104C4000984209D1064B5A6B22F480325A63DA6DCE
:104C500022F48032DA65DB6D704700BFC836002071
:104C60000045025810B5446C0649FFF773FF6060B9
:104C7000236842F2107043F003032360BDE8104044
:104C800001F05ABD801A06000129F8B5466C0B4F99
:104C900009D175680A493D40FFF75CFF054345F4BB
:104CA00080557560F8BD746806493C40FFF752FFB7
:104CB000044344F480547460F4E700BF00ECFFFF49
:104CC00080F0FA0240787D01436C00225A601A603D
:104CD00070470000426C0129536823F4404304D01C
:104CE000022905D001B95360704743F48043FAE7C5
:104CF00043F40043F7E70000436C41F480519A60AD
:104D0000D9605A6B1206FCD580229A637047000066
:104D100010B541F48851446CA260E160616B11F000
:104D20004502FBD0A26311F0040203D0FFF720FF7D
:104D3000012010BD616910461960FAE710B541F411
:104D40008851446CA260E160616B11F04502FBD0B8
:104D5000A26311F0050203D0FFF70AFF012010BD86
:104D6000616910461960FAE773B5134604460E46AA
:104D7000302282F31188426CD26B32B14FF0FF3196
:104D80004030019301F0E4FC019B606C002202655D
:104D9000C263C262456B15F4807504D185F3118836
:104DA000012002B070BD4FF0FF31816382F31188A2
:104DB000012E06D90C21204602B0BDE87040FFF755
:104DC000BDBF1046EDE7000073B5446C0E460025EC
:104DD0000192616BA1632565E562FFF7C9FE012EB3
:104DE00007D9019B2A460C2102B0BDE87040FFF7AD
:104DF000A5BF02B070BD000010B541F49851446CDD
:104E0000A260E160616B11F04502FBD0A26311F07A
:104E10003F0203D0FFF7ACFE012010BD216A10460F
:104E20001960E1695960A16999606169D960F4E725
:104E30002DE9F74304460191006D01A917469846F4
:104E400002F04CFC064600284AD0626C2046DDF891
:104E500004905568C5F3090501356B00A56CB5FBD9
:104E6000F3F54FF47A73B5FBF3F55D43556200F04B
:104E700023FE50BB636C4FF0FF3201254146C3F85F
:104E8000589020461D659A634FF49572DA6342F29A
:104E900007029F62DA62E36C0A9AFFF74FFFA0B93C
:104EA000E26C104B11680B407BB929462046FFF796
:104EB0005BFF054648B92E463A460199206D02F03F
:104EC00045FC304603B0BDE8F0833A460199206DB9
:104ED00002F03CFCE26C01212046FFF775FFF0E791
:104EE0000126EEE708E0FFFD2DE9F7431F46436C7E
:104EF00001924FF47A725D6804468846C5F309054D
:104F000001356E00856CB5FBF6F5B5FBF2F5554342
:104F10005D6200F0D1FD20B10125284603B0BDE857
:104F2000F0837E0201A9206D324602F0D7FB0546D0
:104F30000028F1D0636C019AD4F84C909A65012254
:104F40001A654FF0FF329A634FF49572DA639E62EE
:104F5000236BDB064B4658BF4FEA4828012F4246D9
:104F60001BD912212046FFF7E9FEC0B9D9F800206D
:104F7000104B13409BB9636C42F2930239462046B2
:104F8000DA62E26CFFF7F0FE804640B932460199E2
:104F9000206D454602F0DAFBBFE71121E2E7324619
:104FA0000199206D02F0D2FBE26C39462046FFF7F2
:104FB0000BFFB2E708E0FFFD2DE9F3411F46436C0C
:104FC00001924FF47A725D6804468846C5F309057C
:104FD00001356E00856CB5FBF6F5B5FBF2F5554372
:104FE0005D6200F069FD20B10125284602B0BDE8F0
:104FF000F0817E0201A9206D324602F0B5FB054624
:105000000028F1D0636C019A9A6501221A654FF06D
:10501000FF329A634FF48D72DA639E62236BE66C03
:10502000DB06334658BF4FEA4828012F424619D9BC
:1050300019212046FFF782FEB0B932680F4B1340AA
:1050400093B9636C42F2910239462046DA62E26C0F
:10505000FFF78AFE064638B901993546206D02F001
:10506000BFFBC2E71821E4E70199206D02F0B8FB0D
:10507000E26C39462046FFF7A7FEB6E708E0FFFDE1
:1050800012F0030F2DE9F04107460C4615461E4667
:1050900017D00E44B44202D10020BDE8F0810123B4
:1050A000FA6B21463846FFF71FFF0028F5D1284646
:1050B0004FF40072F96B05F500750134FCF71EFE24
:1050C000E8E7BDE8F041FFF70FBF000012F0030F63
:1050D0002DE9F04107460C4615461E4617D00E44F2
:1050E000B44202D10020BDE8F08129464FF400729D
:1050F000F86B05F50075FCF701FE0123FA6B2146FC
:105100003846FFF759FF0028EDD10134E8E7BDE844
:10511000F041FFF751BF000000207047302310B569
:1051200083F311880024436C40302146DC6301F096
:105130001DFB84F3118810BD0268436811430160B0
:1051400003B1184770470000024A136843F0C003D8
:105150001360704700440040024A136843F0C003E4
:105160001360704700480040024A136843F0C003D0
:105170001360704700780040044B9A6C02439A64B5
:105180001A6F104318671B6F704700BF0045025825
:1051900037B5274C274D204600F028FD04F11400B8
:1051A000009400234FF40072234900F0C3F94FF438
:1051B0000072224904F138000094214B00F03CFABF
:1051C000204BC4E91735204C204600F00FFD04F1B8
:1051D0001400009400234FF400721C4900F0AAF957
:1051E0004FF400721A4904F138000094194B00F092
:1051F00023FA194BC4E91735184C204600F0F6FC89
:1052000004F1140000234FF400721549009400F0DB
:1052100091F9144B4FF40072134904F138000094D3
:1052200000F00AFA114BC4E9173503B030BD00BFD6
:105230002039002000E1F505643A00206440002098
:1052400049510008004400408C390020643C002093
:10525000644200205951000800480040F8390020FD
:10526000643E00206951000864440020007800403A
:1052700038B5264D0446037C002918BF0D46012B86
:1052800006D1234B984230D14FF40030FFF774FF22
:105290002A68236EE16D03EB5203A566B3FBF2F3BC
:1052A0006A68100442BF23F0070003F0070343EAD3
:1052B0004003CB60AB6843F040034B60EB6843F0C6
:1052C00001038B6042F4967343F001030B604FF0CF
:1052D000FF330B62510505D512F0102211D0B2F147
:1052E000805F10D084F8643038BD0A4B984205D0F6
:1052F000094B9842CCD14FF08040C7E74FF4802053
:10530000C4E77F23EEE73F23ECE700BF1C9A0008C9
:10531000203900208C390020F83900202DE9F04791
:10532000C66D05463768F469210734621AD014F057
:10533000080118BF4FF48071E20748BF41F0200117
:10534000A3074FF0300348BF41F04001600748BF5A
:1053500041F0800183F31188281DFFF7EDFE002343
:1053600083F31188E2050AD5302383F311884FF4C3
:105370008061281DFFF7E0FE002383F311884FF0C2
:1053800030094FF0000A14F0200838D13B0616D53A
:105390004FF0300905F1380A200610D589F311883D
:1053A000504600F07DF9002836DA0821281DFFF765
:1053B000C3FE27F080033360002383F3118879064E
:1053C00014D5620612D5302383F31188D5E913234F
:1053D0009A4208D12B6C33B127F040071021281DC9
:1053E000FFF7AAFE3760002383F31188E30618D580
:1053F000AA6E1369ABB15069BDE8F047184789F34D
:105400001188736A284695F86410194000F008FC6A
:105410008AF31188F469B6E7B06288F31188F469F9
:10542000BAE7BDE8F0870000090100F160430122FE
:1054300003F56143C9B283F8001300F01F039A40DB
:1054400043099B0003F1604303F56143C3F88021E6
:105450001A60704700F01F0301229A40430900F1CF
:1054600060409B0000F5614003F1604303F5614338
:10547000C3F88020C3F88021002380F800337047F0
:10548000F8B51546826804460B46AA4200D28568E4
:10549000A1692669761AB5420BD218462A46FCF74E
:1054A0002DFCA3692B44A3612846A3685B1BA36062
:1054B000F8BD0CD9AF1B18463246FCF71FFC3A4624
:1054C000E1683044FCF71AFCE3683B44EBE718461C
:1054D0002A46FCF713FCE368E5E700008368934283
:1054E000F7B50446154600D28568D4E90460361A3B
:1054F000B5420BD22A46FCF701FC63692B44636179
:105500002846A3685B1BA36003B0F0BD0DD93246EB
:10551000AF1B0191FCF7F2FB01993A46E068314478
:10552000FCF7ECFBE3683B44E9E72A46FCF7E6FBC3
:10553000E368E4E710B50A440024C361029B846079
:10554000C16002610362C0E90000C0E9051110BD3D
:1055500008B5D0E90532934201D1826882B98268E8
:10556000013282605A1C426119700021D0E9043274
:105570009A4224BFC368436101F012F9002008BDBC
:105580004FF0FF30FBE7000070B5302304460E46B5
:1055900083F31188A568A5B1A368A269013BA36044
:1055A000531CA36115782269934224BFE368A36169
:1055B000E3690BB120469847002383F311882846FE
:1055C00007E03146204601F0DBF80028E2DA85F3F7
:1055D000118870BD2DE9F74F04460E4617469846D0
:1055E000D0F81C904FF0300A8AF311884FF0000B6E
:1055F000154665B12A4631462046FFF741FF03466E
:1056000060B94146204601F0BBF80028F1D00023E4
:1056100083F31188781B03B0BDE8F08FB9F1000F58
:1056200003D001902046C847019B8BF31188ED1AE7
:105630001E448AF31188DCE7C160C361009B82606D
:105640000362C0E905111144C0E90000016170471F
:10565000F8B504460D461646302383F31188A76833
:10566000A7B1A368013BA36063695A1C62611D7006
:10567000D4E904329A4224BFE3686361E3690BB161
:1056800020469847002080F3118807E031462046E5
:1056900001F076F80028E2DA87F31188F8BD0000FF
:1056A000D0E9052310B59A4201D182687AB982689F
:1056B0000021013282605A1C82611C7803699A427F
:1056C00024BFC368836101F06BF8204610BD4FF022
:1056D000FF30FBE72DE9F74F04460E461746984684
:1056E000D0F81C904FF0300A8AF311884FF0000B6D
:1056F000154665B12A4631462046FFF7EFFE0346C0
:1057000060B94146204601F03BF80028F1D0002363
:1057100083F31188781B03B0BDE8F08FB9F1000F57
:1057200003D001902046C847019B8BF31188ED1AE6
:105730001E448AF31188DCE70379052B05BF836AD1
:10574000002001204B6004BF4FF400730B607047D2
:1057500070B55D1E866A04460D44B54205D9436B9B
:1057600043F080034363012070BD06250571FFF7F8
:1057700087FC05232371F7E770B55D1E866A044632
:105780000D44B54205D9436B43F0800343630120C8
:1057900070BD07250571FFF799FC05232371F7E715
:1057A00038B505790446052D05D108230371FFF7A7
:1057B000B3FC257138BD0120FCE700000323F0B5E0
:1057C000037185B00446FFF74DFA002220461146CA
:1057D000FFF792FA4FF4D57203AB08212046FFF78A
:1057E000ADFA0246B8B901232363039BC3F3032335
:1057F000012B09D103AB37212046FFF79FFA18B9D7
:10580000A44B039A1340ABB120460125FFF75CFA85
:105810000223237137E103AB002237212046FFF733
:105820008DFA28B99B4A039B1A40002A00F0A780F2
:1058300002232363236B03F00F03022B40F0A980A4
:105840006425954E42F2107000F076FF03AB3246AD
:1058500001212046FFF75CFA0028D5D1039B002BDD
:1058600080F293805A0003D5236B43F01003236327
:10587000002204F1080302212046FFF7BDFA024688
:105880000028C1D104F1380303212046FFF756FA5E
:105890000028B9D104F11805A26B092120462B4636
:1058A000FFF7AAFA0028AFD102ABA26B072120466E
:1058B000FFF744FA06460028A6D1236B03F00F0336
:1058C000022B40F08F807E227F21284603F03AFA97
:1058D000012840F28780E76B42F2107000F02CFF45
:1058E00008234FF40072394620460096FFF7A0FACD
:1058F000002889D1384603F073FA236BA06203F0C5
:105900000F03022B72D103AB644A06212046FFF736
:1059100015FA002871D15F49039B1940B1FA81F152
:1059200049092046FFF7B0F902AB4FF4007210218D
:105930002046FFF703FA054600287FF465AF554E71
:10594000029B33427FF460AF236B13F00E0F03F022
:105950000F0273D0022A7FF457AFE36A1978012946
:1059600000F09480022900F09380002900F08980E3
:105970004B4F2046FFF7AEF903AB3A4676E01146AF
:1059800020462263FFF7B8F954E7013D7FF45AAF90
:105990003AE7444D6426444A3E4F012B18BF154652
:1059A00003AB002237212046FFF7C8F900287FF417
:1059B0002BAF039B3B427FF427AF03AB2A46292141
:1059C0002046FFF7A5F900287FF41EAF039B002BAC
:1059D000FFF648AF013E3FF417AF42F2107000F0FF
:1059E000ABFEDDE7284603F0CFF986E77E227F2174
:1059F0002846E66B03F0A6F908B9002191E70023D9
:105A000040223146204600930623FFF711FA002872
:105A1000F3D1B3895BBA9B07EFD5244B40223146C3
:105A2000204600930623FFF703FA0028E5D1317CD6
:105A300001F00F010F3918BF012172E7E36A1978ED
:105A4000F9B101297FF4E0AE2046FFF743F903AB3B
:105A5000A26B37212046FFF771F900287FF4D4AEFE
:105A6000039B33427FF4D0AE03AB022206212046D3
:105A7000FFF764F900287FF4C7AE039B33427FF43D
:105A8000C3AE05232371284605B0F0BD084F70E76B
:105A9000084F6EE708E0FFFD0080FFC00001B9037A
:105AA0000000B7030080FF5000001080F1FFFF806E
:105AB0000001B7030002B70337B504460C4D01AB34
:105AC000A26B0D212046FFF739F978B9019B2B42D3
:105AD0000BD1C3F34323042B08D0053B022B04D87E
:105AE0004FF47A7000F028FEE9E7012003B030BDE2
:105AF00008E0FFFD70B53023054683F31188037974
:105B00000024022B03D184F31188204670BD0423A6
:105B1000037184F311880226FFF7CEFF044628465E
:105B2000FFF7D2F82E71F0E7FFF73CB8044B0360A3
:105B30000123037100234363C0E90A33704700BFA8
:105B4000349A000810B53023044683F31188C162EB
:105B5000FFF742F802230020237180F3118810BD63
:105B600010B53023044683F31188FFF75BF8002358
:105B70000122E362227183F3118810BD0268436839
:105B80001143016003B11847704700001430FFF75C
:105B900021BD00004FF0FF331430FFF71BBD0000A4
:105BA0003830FFF797BD00004FF0FF333830FFF774
:105BB00091BD00001430FFF7E7BC00004FF0FF314B
:105BC0001430FFF7E1BC00003830FFF741BD0000A2
:105BD0004FF0FF323830FFF73BBD0000012914BF02
:105BE0006FF0130000207047FFF7D2BA044B036038
:105BF00000234360C0E9023301230374704700BFF0
:105C0000589A000810B53023044683F31188FFF733
:105C10002FFB02230020237480F3118810BD0000A5
:105C200038B5C36904460D461BB904210844FFF783
:105C3000A5FF294604F11400FFF78AFC002806DAC4
:105C4000201D4FF40061BDE83840FFF797BF38BD15
:105C5000026843681143016003B1184770470000B0
:105C600013B5406B00F58054D4F8A4381A68117845
:105C7000042914D1017C022911D119790123128937
:105C80008B4013420BD101A94C3002F089FFD4F8AC
:105C9000A4480246019B2179206800F0DFF902B098
:105CA00010BD0000143002F00BBF00004FF0FF33B6
:105CB000143002F005BF00004C3002F0DDBF0000E0
:105CC0004FF0FF334C3002F0D7BF0000143002F029
:105CD000D9BE00004FF0FF31143002F0D3BE0000F7
:105CE0004C3002F0A9BF00004FF0FF324C3002F000
:105CF000A3BF00000020704710B500F58054D4F811
:105D0000A4381A681178042917D1017C022914D10A
:105D10005979012352898B4013420ED1143002F07D
:105D20006BFE024648B1D4F8A4484FF44073617941
:105D30002068BDE8104000F07FB910BD406BFFF750
:105D4000DBBF0000704700007FB5124B0125042621
:105D5000044603600023057400F184024360294671
:105D6000C0E902330C4B0290143001934FF440739E
:105D7000009602F01DFE094B04F69442294604F1F8
:105D80004C000294CDE900634FF4407302F0E4FE4E
:105D900004B070BD809A00083D5D0008615C000899
:105DA0000A68302383F311880B790B3342F8230000
:105DB0004B79133342F823008B7913B10B3342F83C
:105DC000230000F58053C3F8A418022303740020B5
:105DD00080F311887047000038B5037F044613B183
:105DE00090F85430ABB90125201D0221FFF730FF98
:105DF00004F114006FF00101257700F0DDFC04F1DF
:105E00004C0084F854506FF00101BDE8384000F0B8
:105E1000D3BC38BD10B5012104460430FFF718FF8C
:105E20000023237784F8543010BD000038B50446B1
:105E30000025143002F0D4FD04F14C00257702F067
:105E4000A3FE201D84F854500121FFF701FF2046D6
:105E5000BDE83840FFF750BF90F8803003F0600392
:105E6000202B06D190F881200023212A03D81F2A55
:105E700006D800207047222AFBD1C0E91D3303E079
:105E8000034A426707228267C3670120704700BF49
:105E90004422002037B500F58055D5F8A4381A689B
:105EA000117804291AD1017C022917D1197901230B
:105EB00012898B40134211D100F14C04204602F0AC
:105EC00023FF58B101A9204602F06AFED5F8A44884
:105ED0000246019B2179206800F0C0F803B030BD74
:105EE00001F10B03F0B550F8236085B004460D4670
:105EF000FEB1302383F3118804EB8507301D0821A0
:105F0000FFF7A6FEFB6806F14C005B691B681BB13E
:105F1000019002F053FE019803A902F041FE0246EF
:105F200048B1039B2946204600F098F8002383F3EC
:105F3000118805B0F0BDFB685A691268002AF5D0D7
:105F40001B8A013B1340F1D104F18002EAE7000013
:105F5000133138B550F82140ECB1302383F3118868
:105F600004F58053D3F8A4281368527903EB820315
:105F7000DB689B695D6845B104216018FFF768FE26
:105F8000294604F1140002F041FD2046FFF7B4FE5B
:105F9000002383F3118838BD7047000001F070BD05
:105FA00001234022002110B5044600F8303BFBF7E6
:105FB000CBFE0023C4E9013310BD000010B530232F
:105FC000044683F311882422416000210C30FBF742
:105FD000BBFE204601F076FD02230020237080F3F3
:105FE000118810BD70B500EB8103054650690E465F
:105FF0001446DA6018B110220021FBF7A5FEA06953
:1060000018B110220021FBF79FFE31462846BDE85B
:10601000704001F057BE000083682022002103F089
:10602000011310B5044683601030FBF78DFE204647
:10603000BDE8104001F0D2BEF0B4012500EB8104B0
:1060400047898D40E4683D43A4694581236000236E
:10605000A2606360F0BC01F0EFBE0000F0B4012567
:1060600000EB810407898D40E4683D436469058144
:1060700023600023A2606360F0BC01F065BF0000F4
:1060800070B5022300250446242203702946C0F877
:1060900088500C3040F8045CFBF756FE204684F82C
:1060A000705001F0A3FD63681B6823B129462046A8
:1060B000BDE87040184770BD0378052B10B5044645
:1060C0000AD080F88C300523037043681B680BB13D
:1060D000042198470023A36010BD00000178052922
:1060E00006D190F88C20436802701B6803B11847F2
:1060F0007047000070B590F87030044613B100236B
:1061000080F8703004F18002204601F08BFE636855
:106110009B68B3B994F8803013F0600535D0002146
:10612000204602F07DF90021204602F06DF96368F7
:106130001B6813B1062120469847062384F8703067
:1061400070BD204698470028E4D0B4F88630A26F8E
:106150009A4288BFA36794F98030A56F002B4FF057
:10616000300380F20381002D00F0F280092284F8D0
:10617000702083F3118800212046D4E91D23FFF706
:106180006DFF002383F31188DAE794F8812003F090
:106190007F0343EA022340F20232934200F0C580BB
:1061A00021D8B3F5807F48D00DD8012B3FD0022BEA
:1061B00000F09380002BB2D104F1880262670222C2
:1061C000A267E367C1E7B3F5817F00F09B80B3F579
:1061D000407FA4D194F88230012BA0D1B4F888304C
:1061E00043F0020332E0B3F5006F4DD017D8B3F59A
:1061F000A06F31D0A3F5C063012B90D8636820460F
:1062000094F882205E6894F88310B4F88430B04724
:10621000002884D0436863670368A3671AE0B3F576
:10622000106F36D040F6024293427FF478AF5C4B59
:1062300063670223A3670023C3E794F88230012B2E
:106240007FF46DAFB4F8883023F00203A4F88830EF
:10625000C4E91D55E56778E7B4F88030B3F5A06F61
:106260000ED194F88230204684F88A3001F01CFD6B
:1062700063681B6813B101212046984703232370EC
:106280000023C4E91D339CE704F18B0363670123FA
:10629000C3E72378042B10D1302383F311882046E1
:1062A000FFF7BAFE85F311880321636884F88B50E9
:1062B00021701B680BB12046984794F88230002B60
:1062C000DED084F88B300423237063681B68002BB6
:1062D000D6D0022120469847D2E794F88430204651
:1062E0001D0603F00F010AD501F08EFD012804D030
:1062F00002287FF414AF2B4B9AE72B4B98E701F061
:1063000075FDF3E794F88230002B7FF408AF94F822
:10631000843013F00F01B3D01A06204602D502F0E4
:1063200097F8ADE702F088F8AAE794F88230002BDE
:106330007FF4F5AE94F8843013F00F01A0D01B0663
:10634000204602D502F06CF89AE702F05DF897E774
:10635000142284F8702083F311882B462A4629469C
:106360002046FFF769FE85F31188E9E65DB1152245
:1063700084F8702083F3118800212046D4E91D237E
:10638000FFF75AFEFDE60B2284F8702083F3118894
:106390002B462A4629462046FFF760FEE3E700BF6A
:1063A000B09A0008A89A0008AC9A000838B590F88E
:1063B00070300446002B3ED0063BDAB20F2A34D8A8
:1063C0000F2B32D8DFE803F0373131082232313178
:1063D0003131313131313737856FB0F886309D42F8
:1063E00014D2C3681B8AB5FBF3F203FB12556DB9D7
:1063F000302383F311882B462A462946FFF72EFEC9
:1064000085F311880A2384F870300EE0142384F891
:106410007030302383F31188002320461A46194632
:10642000FFF70AFE002383F3118838BDC36F03B161
:1064300098470023E7E70021204601F0F1FF002103
:10644000204601F0E1FF63681B6813B10621204676
:1064500098470623D7E7000010B590F8703004463F
:10646000142B29D017D8062B05D001D81BB110BD8D
:10647000093B022BFBD80021204601F0D1FF00216F
:10648000204601F0C1FF63681B6813B10621204656
:106490009847062319E0152BE9D10B2380F87030BB
:1064A000302383F3118800231A461946FFF7D6FDDF
:1064B000002383F31188DAE7C3689B695B68002BCC
:1064C000D5D1C36F03B19847002384F87030CEE76D
:1064D0000023826880F8243083691B6899689142A0
:1064E000FBD25A6803604260106058607047000039
:1064F0000023826880F8243083691B689968914280
:10650000FBD85A6803604260106058607047000012
:1065100008B50846302383F3118891F82430032B03
:1065200005D0042B0DD02BB983F3118808BD8B6ADD
:1065300000221A604FF0FF338362FFF7C9FF002388
:10654000F2E7D1E9003213605A60F3E7034610B571
:106550001B68984203D09C688A689442F8D25A68B3
:106560000B604A601160596010BD0000FFF7B0BFBA
:10657000064BD96881F824001868026853601A60D5
:106580000122D86080F82420F9F73CBF684600203B
:106590000C4B30B5DD684B1C87B004460FD02B4642
:1065A000094A684600F09CF92046FFF7E1FF009B8E
:1065B00013B1684600F09EF9A86A07B030BDFFF736
:1065C000D7FFF9E76846002011650008044B1A68F8
:1065D000DB6890689B68984294BF00200120704758
:1065E00068460020094B10B51C68D86822685360C3
:1065F0001A600122DC6084F82420FFF779FF01464D
:106600002046BDE81040F9F7FDBE00BF68460020F7
:10661000044B1A68DB6892689B689A4201D9FFF7BD
:10662000E1BF70476846002038B50123084C0025BB
:106630002370656002F002FC02F028FC0549064860
:1066400002F0FEFC0223237085F3118838BD00BFE1
:1066500010490020B89A00086846002000F080B970
:10666000034A516853685B1A9842FBD8704700BFD1
:10667000001000E08B604B630023CA6100F1280228
:106680000B6302230A618B840123886181F8263021
:1066900001F11003C26A4A611360C36201F12C0365
:1066A0000846CB6270470000D0E90131026841F82A
:1066B000183CA1F19C033839CB60036941F8243CB4
:1066C000436941F8203C034B41F8043CC36802484D
:1066D000FFF7D0BF1D0400086846002008B5FFF78B
:1066E000E3FFBDE80840FFF741BF000038B50E4B9F
:1066F000DC6804F12C05A062E06AA8420FD194F88E
:1067000026303BB994F825309B0702BFD4E9043208
:1067100013605A600F20BDE83840FFF729BF0368B7
:10672000E362FFF723FFE7E768460020302383F3A7
:106730001188FFF7DBBF000008B50146302383F363
:1067400011880820FFF724FF002383F3118808BD78
:10675000054BDB6821B1036098620320FFF718BF87
:106760004FF0FF30704700BF6846002003682BB130
:106770000022026018469962FFF7F8BE70470000D9
:10678000064BDB6839B1426818605A601360436099
:106790000420FFF7FDBE4FF0FF3070476846002031
:1067A0000368984206D01A680260506018469962E1
:1067B000FFF7DCBE7047000038B504460D46206880
:1067C000844200D138BD036823605C608562FFF7B6
:1067D000CDFEF4E7036810B59C68A2420CD85C6853
:1067E0008A600B604C602160596099688A1A9A60CF
:1067F0004FF0FF33836010BD121B1B68ECE70000F5
:106800000A2938BF0A2170B504460D460A266019C8
:1068100002F00EFB02F0F6FA041BA54203D8751C29
:1068200004462E46F3E70A2E04D90120BDE8704045
:1068300002F0CEBC70BD0000F8B5144B0D460A2A1C
:106840004FF00A07D96103F11001826038BF0A22B4
:10685000416019691446016048601861A81802F087
:10686000D7FA02F0CFFA431B0646A34206D37C1C9C
:1068700028192746354602F0DBFAF2E70A2F04D939
:106880000120BDE8F84002F0A3BCF8BD6846002036
:10689000F8B506460D4602F0B5FA0F4A134653F80E
:1068A000107F9F4206D12A4601463046BDE8F84097
:1068B000FFF7C2BFD169BB68441A2C1928BF2C4608
:1068C000A34202D92946FFF79BFF224631460348DF
:1068D000BDE8F840FFF77EBF6846002078460020FC
:1068E000C0E90323002310B45DF8044B4361FFF7B4
:1068F000CFBF000010B5194C236998420DD08168B4
:10690000D0E9003213605A609A680A449A60002302
:1069100003604FF0FF33A36110BD0268234643F8C4
:10692000102F53600022026022699A4203D1BDE811
:10693000104002F077BA936881680B44936002F0CC
:1069400061FA2269E1699268441AA242E4D91144C9
:10695000BDE81040091AFFF753BF00BF684600208A
:106960002DE9F047DFF8BC8008F110072C4ED8F86D
:10697000105002F047FAD8F81C40AA68031B9A424C
:106980003ED814444FF00009D5E90032C8F81C4045
:1069900013605A60C5F80090D8F81030B34201D1A6
:1069A00002F040FA89F31188D5E903312846984767
:1069B000302383F311886B69002BD8D002F022FAC0
:1069C0006A69A0EB040982464A450DD2022002F012
:1069D000FFFB0022D8F81030B34208D151462846B8
:1069E000BDE8F047FFF728BF121A2244F2E712EB86
:1069F00009092946384638BF4A46FFF7EBFEB5E796
:106A0000D8F81030B34208D01444C8F81C00211A3A
:106A1000A960BDE8F047FFF7F3BEBDE8F08700BF0F
:106A2000784600206846002038B502F0EBF9054AA8
:106A3000D2E90845031B181945F10001C2E9080114
:106A400038BD00BF6846002010B560B9074804791A
:106A50000368053C9B6818BF0124984708B144F0BF
:106A60000404204610BD0124FBE700BFC836002007
:106A7000FFF7EABF2DE9F047884617469A460446D5
:106A8000B0B90D4E3579052D05D003240DE0013D3B
:106A900015F0FF050ED03268534639463046D2F81D
:106AA00014904246C8470028F1D12046BDE8F0873F
:106AB0000424FAE70124F8E7C83600202DE9F0475E
:106AC000884617469A460446B0B90D4E3579052DCD
:106AD00005D003240DE0013D15F0FF050ED032680E
:106AE000534639463046D2F818904246C8470028E7
:106AF000F1D12046BDE8F0870424FAE70124F8E745
:106B0000C836002037B50C46154670B951B1012979
:106B10000BD10748694603681B6A984710B9019B67
:106B200004462B60204603B030BD0424FAE700BFC2
:106B3000C836002000207047FEE7000070470000C4
:106B40004FF0FF30704700004B6843608B688360F4
:106B5000CB68C3600B6943614B6903628B69436215
:106B60000B6803607047000008B53C4B40F2FF71B2
:106B70003B48D3F888200A43C3F88820D3F88820FC
:106B800022F4FF6222F00702C3F88820D3F888308D
:106B9000344B1A6C0A431A649A6E0A439A66324A54
:106BA0009B6E1146FFF7D0FF00F5806002F11C01DB
:106BB000FFF7CAFF00F5806002F13801FFF7C4FF5C
:106BC00000F5806002F15401FFF7BEFF00F5806020
:106BD00002F17001FFF7B8FF00F5806002F18C014F
:106BE000FFF7B2FF00F5806002F1A801FFF7ACFFEC
:106BF00000F5806002F1C401FFF7A6FF00F5806098
:106C000002F1E001FFF7A0FF00F5806002F1FC0156
:106C1000FFF79AFF02F58C7100F58060FFF794FF93
:106C200001F0AAFC114BD3F8902242F00102C3F804
:106C30009022D3F8942242F00102C3F89422052254
:106C4000C3F898204FF06052C3F89C20084AC3F85C
:106C5000A020BDE8084000F001BD00BF004402587C
:106C60000000025800450258CC9A000800ED00E0F0
:106C70001F00080308B501F087FEFFF7D5FC0D4B98
:106C8000DA6B42F04002DA635A6E22F040025A6632
:106C90005B6E094B1A6842F008021A601A6842F0EB
:106CA00004021A6000F0A4FD00F040FBBDE80840BB
:106CB00000F0B4B80045025800180248012070479F
:106CC000002070477047000002290CD0032904D02F
:106CD0000129074818BF00207047032A05D8054836
:106CE00000EBC2007047044870470020704700BFA7
:106CF000D09C000854220020849C000870B59AB0F3
:106D000005460846144601A900F0C2F801A8FBF7A1
:106D100013F8431C0022C6B25B001046C5E90034DC
:106D200023700323023404F8013C01ABD1B20234D6
:106D30008E4201D81AB070BD13F8011B013204F85D
:106D4000010C04F8021CF1E708B5302383F3118825
:106D50000348FFF79FF8002383F3118808BD00BFA5
:106D60001849002090F8803003F01F02012A07D153
:106D700090F881200B2A03D10023C0E91D3315E0D0
:106D800003F06003202B08D1B0F884302BB990F8C1
:106D90008120212A03D81F2A04D8FFF75DB8222AB0
:106DA000EBD0FAE7034A426707228267C3670120F4
:106DB000704700BF4B22002007B5052917D8DFE830
:106DC00001F0191603191920302383F31188104A92
:106DD00001210190FFF706F9019802210D4AFFF702
:106DE00001F90D48FFF722F8002383F3118803B05F
:106DF0005DF804FB302383F311880748FEF7ECFFAE
:106E0000F2E7302383F311880348FFF703F8EBE739
:106E1000249C0008489C00081849002038B50C4DF7
:106E20000C4C2A460C4904F10800FFF767FF05F1F6
:106E3000CA0204F110000949FFF760FF05F5CA72A4
:106E400004F118000649BDE83840FFF757BF00BFFE
:106E5000F061002054220020009C00080A9C0008D9
:106E6000199C000870B5044608460D46FAF764FF01
:106E7000C6B22046013403780BB9184670BD3246BD
:106E80002946FAF745FF0028F3D10120F6E7000074
:106E90002DE9F04705460C46FAF74EFF2C49C6B2DD
:106EA0002846FFF7DFFF08B10C36F6B2294928461D
:106EB000FFF7D8FF08B11036F6B2632E0BD8DFF813
:106EC0009080DFF89090244FDFF898A02E7846B994
:106ED0002670BDE8F08729462046BDE8F04702F05D
:106EE0003DBA252E30D1072241462846FAF710FF39
:106EF00080B91A4B224603F1100153F8040B8B4260
:106F000042F8040BF9D1198807359B7813341180A6
:106F10009370DBE7082249462846FAF7F9FE98B94C
:106F2000A21C0F4B197802320909C95D02F8041C32
:106F300013F8011B01F00F015345C95D02F8031C52
:106F4000F0D118340835C1E7013504F8016BBDE70D
:106F5000F09C0008199C00080C9D0008F89C000893
:106F600000E8F11F0CE8F11FBFF34F8F044B1A69C3
:106F70005107FCD1D3F810215207F8D1704700BF58
:106F80000020005208B50D4B1B78ABB9FFF7ECFFA2
:106F90000B4BDA68D10704D50A4A5A6002F18832ED
:106FA0005A60D3F80C21D20706D5064AC3F804214B
:106FB00002F18832C3F8042108BD00BF4E640020EE
:106FC000002000522301674508B5114B1B78F3B927
:106FD000104B1A69510703D5DA6842F04002DA60B3
:106FE000D3F81021520705D5D3F80C2142F0400206
:106FF000C3F80C21FFF7B8FF064BDA6842F0010234
:10700000DA60D3F80C2142F00102C3F80C2108BD6C
:107010004E640020002000520F289ABF00F58060C7
:1070200040040020704700004FF40030704700001B
:10703000102070470F2808B50BD8FFF7EDFF00F5BB
:1070400000330268013204D104308342F9D10120B7
:1070500008BD0020FCE700000F2838B505463FD8E2
:10706000FFF782FF1F4CFFF78DFF4FF0FF3307281C
:107070006361C4F814311DD82361FFF775FF030263
:1070800043F02403E360E36843F08003E360236993
:107090005A07FCD42846FFF767FFFFF7BDFF4FF400
:1070A000003100F0B7FA2846FFF78EFFBDE8384000
:1070B000FFF7C0BFC4F81031FFF756FFA0F1080377
:1070C0001B0243F02403C4F80C31D4F80C3143F014
:1070D0008003C4F80C31D4F810315B07FBD4D9E736
:1070E000002038BD002000522DE9F84F04460D461F
:1070F000104644EA0203DE0602D00020BDE8F88F05
:1071000020F01F00DFF8D4B0DFF8D4A0FFF73AFF7B
:1071100005EB0008454503D10120FFF755FFEDE7DA
:1071200020222946204602F0BFF810B9203420352D
:10713000F0E7234604F120021F68791CDDD10433F7
:107140009342F9D104F178432048214EB3F5801FD2
:10715000204B38BF184603F1F80332BFD946D14659
:107160001E46FFF701FF0760A4EB050C336805F12D
:107170001C0143F0020333602B1FD9F8007017F095
:107180000507FAD153F8042F8B424CF80320F4D1B1
:10719000BFF34F8FFFF7E8FE4FF0FF330360336814
:1071A00023F002033360BFF34F8F0B4BC3F85C42F5
:1071B000BFF34F8FBFF36F8F20222946204602F086
:1071C00073F80028B2D03846A7E700BF1421005258
:1071D0000C2000521420005200ED00E0102000525C
:1071E0001021005210B5084C237828B11BB9FFF7C5
:1071F000C9FE0123237010BD002BFCD02070BDE818
:107200001040FFF7E1BE00BF4E6400202DE9F04FB3
:107210000D4685B0814658B111F00D0614BF2022ED
:10722000082211F00803019304D0431E034269D0E1
:10723000002435E0002E37D009F11F0121F01F098D
:107240004FF00108314F05F00403DFF8CCA005EA48
:10725000080BBBF1000F32D07869C0072FD408F1BA
:1072600001080C37B8F1060FF3D19EB9284D4946F5
:10727000A819019201F02CFE0446002839D12036CD
:10728000019AA02EF3D1494601F022FE04460028BF
:107290002FD1019A49461F4801F01AFE044660BBEF
:1072A000204605B0BDE8F08F0029C9D10146284627
:1072B000029201F00DFE0446D8B9029AC0E713B15C
:1072C00078694107CBD5AC0702D578698007C6D568
:1072D000019911B178690107C1D549460AEB4810F7
:1072E000CDE9022301F0F4FD0446DDE90223002884
:1072F000B5D04A460021204601E04A460021FAF76F
:1073000023FDCDE70246002E96D199E7209D000887
:107310009064002050640020706400200021FFF77A
:1073200075BF00000121FFF771BF000070B5144D5B
:107330000124144E40F2FF3200210120FAF704FD2F
:1073400006EB441001342A6955F80C1F01F0ACFD1E
:10735000062CF5D137254FF4C0542046FFF7E2FF45
:10736000014628B122460848BDE8704001F09CBDA6
:10737000C4EBC404013D4FEAD404EED170BD00BF9C
:10738000209D000870640020506400200421FFF755
:107390003DBF00004843FFF7C1BF000008B101F046
:1073A00009BE7047B0F5805F10B5044607D8FFF7F7
:1073B000EDFF28B92046BDE81040FFF7AFBF002021
:1073C00010BD0000FFF7EABF70B5AAB140EA0103A3
:1073D00013F01F030FD1094C0144A5686D0706D5B2
:1073E0002568A84203D366683544A94204D903330B
:1073F0000C34122BF1D10022104670BD209D0008E4
:1074000008B501F0EDFE034AD2E90032C01842EBA4
:10741000010108BD30650020434BD3E900232DE96D
:10742000F34113437CD0FFF7EBFF404A00230027D2
:10743000F9F702F806460D463D4A0023F8F7FCFF2F
:107440000023144630462946394AF8F7F5FF4FF431
:1074500061613C23ADF80170B4FBF1F5B4FBF3F6C8
:1074600001FB154103FB16464624B1FBF3F1314BFA
:10747000F6B28DF8004098423CD84FF0640C4FF4BF
:10748000C87EA30704F26C7225D1B2FBFCF30CFB9F
:10749000132313BBB2FBFEF30EFB1322B2FA82F3EB
:1074A0005B0903F26D18621C8045D2B217D90FB187
:1074B0008DF800400022204C4FF00C0C17460CFBBE
:1074C0000343D4B2013213F804C084450CD8A0EBB6
:1074D0000C000127F5E70023E3E70123E1E7A0EB38
:1074E000080014460127CCE70FB18DF80140431C7A
:1074F0008DF802309DF80100431C9DF800005038C3
:10750000400640EA43509DF8023040EA034040EA1A
:10751000560040EAC52040EA411002B0BDE8F081C3
:107520004FF40410F9E700BF3065002040420F001F
:107530008051010090230B00689D00080244074B16
:10754000D2B210B5904200D110BD441C00B253F825
:10755000200041F8040BE0B2F4E700BF50400058AF
:107560000E4B30B51C6F240405D41C6F1C671C6FB8
:1075700044F400441C670A4C02442368D2B243F42A
:1075800080732360074B904200D130BD441C51F8FA
:10759000045B00B243F82050E0B2F4E70044025824
:1075A000004802585040005807B5012201A90020A8
:1075B000FFF7C4FF019803B05DF804FB13B5044660
:1075C000FFF7F2FFA04205D0012201A9002001949B
:1075D000FFF7C6FF02B010BD10B56424013C4FF4A4
:1075E0007A70FFF7A9F814F0FF04F7D1084B4FF0B9
:1075F000807214249A6103F5805308229A61013C39
:107600004FF47A70FFF798F814F0FF04F7D110BD2B
:10761000000002580144BFF34F8F064B884204D349
:10762000BFF34F8FBFF36F8F7047C3F85C022030FA
:10763000F4E700BF00ED00E00144BFF34F8F064BBD
:10764000884204D3BFF34F8FBFF36F8F7047C3F8E7
:1076500070022030F4E700BF00ED00E0114BDA6962
:1076600052021ED59A69D00704D50F4A9A6002F1DA
:1076700044329A600B4BDA69D107FCD41A6A22F4BF
:1076800080021A629A6942F002029A61DA69D207AC
:10769000FCD49A6942F001029A61024AD369DB077D
:1076A000FCD47047002000523B2A190870B50546EB
:1076B00016460C4601201021FFF76CFE2860467329
:1076C0003CB1204636B1FFF761FE2B68186000B16F
:1076D0009C6070BDFFF726FEF7E70000F8B50F4687
:1076E0001546044648B905F11F010126386821F006
:1076F0001F01FFF78FFF3046F8BD427B29463868EF
:10770000FFF762FE06460028EDD13B686360A36880
:10771000AB4210D213B12068FFF740FE637B2846CE
:107720002BB1FFF733FE206020B9A060E3E7FFF73D
:10773000F9FDF8E7A560206805F11F01012621F099
:107740001F013860FFF766FF2673D4E710B50446C3
:1077500040B10068884205D1606808B1FAF7CEFAF6
:107760000023237310BD0000F8B50F4614460546EC
:1077700048B904F11F010126386821F01F01FFF705
:107780005BFF3046F8BD427B21463868FFF71CFEA0
:1077900006460028EDD1AB68A34210D213B1286889
:1077A000FFF7FCFD6B7B20462BB1FFF7EFFD286058
:1077B00020B9A860E5E7FFF7B5FDF8E7AC603968E8
:1077C00019B122462868FAF799FA286804F11F01CE
:1077D000012621F01F013860FFF72EFF2E73D0E73E
:1077E00020B103688B4204BF00230373704700007D
:1077F000034B1A681AB9034AD2F8D0241A607047AA
:10780000386500200040025808B5FFF7F1FF024B31
:107810001868C0F3806008BD38650020EFF3098365
:10782000054968334A6B22F001024A6383F30988F1
:10783000002383F31188704700EF00E0302080F3CD
:10784000118862B60D4B0E4AD96821F4E061090433
:10785000090C0A430B49DA60D3F8FC2042F080722D
:10786000C3F8FC20084AC2F8B01F116841F00101BA
:1078700011602022DA7783F82200704700ED00E0E3
:107880000003FA0555CEACC5001000E0302310B55A
:1078900083F311880E4B5B6813F4006314D0F1EE90
:1078A000103AEFF309844FF08073683CE361094BB1
:1078B000DB6B236684F30988FEF788FE10B1064B64
:1078C000A36110BD054BFBE783F31188F9E700BF07
:1078D00000ED00E000EF00E02F0400083204000893
:1078E00070B5BFF34F8FBFF36F8F1A4A0021C2F8F4
:1078F0005012BFF34F8FBFF36F8F536943F40033C0
:107900005361BFF34F8FBFF36F8FC2F88410BFF383
:107910004F8FD2F8803043F6E074C3F3C900C3F34D
:107920004E335B0103EA0406014646EA81750139DC
:10793000C2F86052F9D2203B13F1200FF2D1BFF30D
:107940004F8F536943F480335361BFF34F8FBFF3BD
:107950006F8F70BD00ED00E0FEE70000214B224874
:10796000224A70B5904237D3214BC11EDA1C121A3D
:1079700022F003028B4238BF00220021FAF7E4F91B
:107980001C4A0023C2F88430BFF34F8FD2F88030F6
:1079900043F6E074C3F3C900C3F34E335B0103EA5B
:1079A0000406014646EA81750139C2F86C52F9D2E3
:1079B000203B13F1200FF2D1BFF34F8FBFF36F8F36
:1079C000BFF34F8FBFF36F8F0023C2F85032BFF366
:1079D0004F8FBFF36F8F70BD53F8041B40F8041B2B
:1079E000C0E700BF6C9E00083467002034670020A9
:1079F0003467002000ED00E0054B996B21EA00019F
:107A000099631A6E22EA00021A661B6E704700BF65
:107A10000045025870B5D0E9244300224FF0FF35ED
:107A20009E6804EB42135101D3F80009002805DADF
:107A3000D3F8000940F08040C3F80009D3F8000BE8
:107A4000002805DAD3F8000B40F08040C3F8000BA3
:107A5000013263189642C3F80859C3F8085BE0D2B4
:107A60004FF00113C4F81C3870BD0000890141F0CB
:107A70002001016103699B06FCD41220FEF7F0BDD2
:107A800010B50A4C2046FEF78BFA094BC4F890302B
:107A9000084BC4F89430084C2046FEF781FA074B97
:107AA000C4F89030064BC4F8943010BD3C650020FB
:107AB00000000840A49D0008D86500200000044094
:107AC000B09D000870B503780546012B58D13F4B97
:107AD000D0F89040984254D13D4B0E2165209A6BCE
:107AE00042F000629A631A6E42F000621A661B6EE0
:107AF000384BD3F8802042F00062C3F88020D3F8DE
:107B0000802022F00062C3F88020D3F88030FDF797
:107B10008BFC314BE360314BC4F800380023D5F8BF
:107B20009060C4F8003EC02323604FF40413A363A5
:107B30003369002BFCDA01230C203361FEF790FD42
:107B40003369DB07FCD41220FEF78AFD3369002B72
:107B5000FCDA00262846A660FFF75CFF6B68C4F8D5
:107B60001068DB68C4F81468C4F81C6863BB1C4B5D
:107B7000A3614FF0FF336361A36843F00103A36087
:107B800070BD184B9842C9D1114B4FF080609A6B71
:107B900042F000729A631A6E42F000721A661B6E0F
:107BA0000C4BD3F8802042F00072C3F88020D3F849
:107BB000802022F00072C3F88020D3F88030FFF7D5
:107BC0001BFF0E214D20A2E7074BD1E73C650020AB
:107BD00000450258004402584014004003002002AF
:107BE000003C30C0D8650020083C30C0F8B5D0F863
:107BF0009040054600214FF000662046FFF736FF13
:107C0000D5F8941000234FF001128F684FF0FF3029
:107C1000C4F83438C4F81C2804EB431201339F42E3
:107C2000C2F80069C2F8006BC2F80809C2F8080B74
:107C3000F2D20B68D5F89020C5F898306362102313
:107C40001361166916F01006FBD11220FEF708FD2D
:107C5000D4F8003823F4FE63C4F80038A36943F471
:107C6000402343F01003A3610923C4F81038C4F87B
:107C700014380B4BEB604FF0C043C4F8103B094B7A
:107C8000C4F8003BC4F81069C4F80039D5F898303E
:107C900003F1100243F48013C5F89820A362F8BDE5
:107CA000809D000840800010D0F8902090F88A1045
:107CB000D2F8003823F4FE6343EA0113C2F8003817
:107CC000704700002DE9F84300EB8103D0F8905095
:107CD0000C468046DA680FFA81F94801166806F00A
:107CE0000306731E022B05EB41134FF0000194BFF6
:107CF000B604384EC3F8101B4FF0010104F1100315
:107D000098BF06F1805601FA03F3916998BF06F512
:107D1000004600293AD0578A04F1580137434901F7
:107D20006F50D5F81C180B430021C5F81C382B18D0
:107D30000127C3F81019A7405369611E9BB3138A2A
:107D4000928B9B08012A88BF5343D8F89820981833
:107D500042EA034301F140022146C8F89800284650
:107D600005EB82025360FFF781FE08EB8900C368D0
:107D70001B8A43EA845348341E4364012E51D5F8CC
:107D80001C381F43C5F81C78BDE8F88305EB49177C
:107D9000D7F8001B21F40041C7F8001BD5F81C18C8
:107DA00021EA0303C0E704F13F030B4A28462146BA
:107DB00005EB83035A60FFF759FE05EB4910D0F835
:107DC000003923F40043C0F80039D5F81C3823EA01
:107DD0000707D7E70080001000040002D0F89420C5
:107DE0001268C0F89820FFF715BE00005831D0F88F
:107DF000903049015B5813F4004004D013F4001F85
:107E00000CBF0220012070474831D0F89030490162
:107E10005B5813F4004004D013F4001F0CBF022081
:107E20000120704700EB8101CB68196A0B68136071
:107E30004B6853607047000000EB810330B5DD688C
:107E4000AA691368D36019B9402B84BF402313601B
:107E50006B8A1468D0F890201C4402EB4110013C5E
:107E600009B2B4FBF3F46343033323F0030343EA9F
:107E7000C44343F0C043C0F8103B2B6803F0030336
:107E8000012B0ED1D2F8083802EB411013F4807F99
:107E9000D0F8003B14BF43F0805343F00053C0F8C8
:107EA000003B02EB4112D2F8003B43F00443C2F81E
:107EB000003B30BD2DE9F041D0F8906005460C46FE
:107EC00006EB4113D3F8087B3A07C3F8087B08D5C3
:107ED000D6F814381B0704D500EB8103DB685B6818
:107EE0009847FA071FD5D6F81438DB071BD505EBE2
:107EF0008403D968CCB98B69488A5A68B2FBF0F61A
:107F000000FB16228AB91868DA6890420DD2121A5C
:107F1000C3E90024302383F3118821462846FFF764
:107F20008BFF84F31188BDE8F081012303FA04F28A
:107F30006B8923EA02036B81CB68002BF3D02146C7
:107F40002846BDE8F041184700EB81034A0170B5AF
:107F5000DD68D0F890306C692668E66056BB1A443C
:107F60004FF40020C2F810092A6802F00302012A27
:107F70000AB20ED1D3F8080803EB421410F4807F44
:107F8000D4F8000914BF40F0805040F00050C4F80D
:107F9000000903EB4212D2F8000940F00440C2F895
:107FA00000090122D3F8340802FA01F10143C3F8B1
:107FB000341870BD19B9402E84BF4020206020685D
:107FC0001A442E8A8419013CB4FBF6F440EAC440FA
:107FD00040F00050C6E700002DE9F843D0F890606B
:107FE00005460C464F0106EB4113D3F8088918F0FB
:107FF000010FC3F808891CD0D6F81038DB0718D554
:1080000000EB8103D3F80CC0DCF81430D3F800E0A7
:10801000DA68964530D2A2EB0E024FF000091A60E2
:10802000C3F80490302383F31188FFF78DFF89F3A1
:10803000118818F0800F1DD0D6F834380126A640DC
:10804000334217D005EB84030134D5F89050D3F8B0
:108050000CC0E4B22F44DCF8142005EB0434D2F851
:1080600000E05168714514D3D5F8343823EA060688
:10807000C5F83468BDE8F883012303FA01F20389E7
:1080800023EA02030381DCF80830002BD1D09847A3
:10809000CFE7AEEB0103BCF81000834228BF0346D4
:1080A000D7F8180980B2B3EB800FE3D89068A0F13D
:1080B000040959F8048FC4F80080A0EB090898441B
:1080C000B8F1040FF5D818440B4490605360C8E72A
:1080D0002DE9F84FD0F8905004466E69AB691E4008
:1080E00016F480586E6103D0BDE8F84FFDF7C8BFA5
:1080F000002E12DAD5F8003E9B0705D0D5F8003ED9
:1081000023F00303C5F8003ED5F80438204623F0D9
:108110000103C5F80438FDF7E1FF370505D5204612
:10812000FFF778FC2046FDF7C7FFB0040CD5D5F863
:10813000083813F0060FEB6823F470530CBF43F4B8
:10814000105343F4A053EB6031071BD56368DB6821
:108150001BB9AB6923F00803AB612378052B0CD165
:10816000D5F8003E9A0705D0D5F8003E23F003036A
:10817000C5F8003E2046FDF7B1FF6368DB680BB130
:1081800020469847F30200F1BA80B70226D5D4F80A
:10819000909000274FF0010A09EB4712D2F8003BFC
:1081A00003F44023B3F5802F11D1D2F8003B002B0C
:1081B0000DDA62890AFA07F322EA0303638104EB0A
:1081C0008703DB68DB6813B13946204698470137DF
:1081D000D4F89430FFB29B689F42DDD9F00619D5E0
:1081E000D4F89000026AC2F30A1702F00F0302F4F7
:1081F000F012B2F5802F00F0CA80B2F5402F09D1FD
:1082000004EB8303002200F58050DB681B6A974271
:1082100040F0B0803003D5F8185835D5E90303D5C0
:1082200000212046FFF746FEAA0303D50121204680
:10823000FFF740FE6B0303D502212046FFF73AFE0D
:108240002F0303D503212046FFF734FEE80203D5B0
:1082500004212046FFF72EFEA90203D50521204662
:10826000FFF728FE6A0203D506212046FFF722FE0B
:108270002B0203D507212046FFF71CFEEF0103D593
:1082800008212046FFF716FE700340F1A780E9079A
:1082900003D500212046FFF79FFEAA0703D5012141
:1082A0002046FFF799FE6B0703D502212046FFF712
:1082B00093FE2F0703D503212046FFF78DFEEE0620
:1082C00003D504212046FFF787FEA80603D5052124
:1082D0002046FFF781FE690603D506212046FFF7F9
:1082E0007BFE2A0603D507212046FFF775FEEB0526
:1082F00074D520460821BDE8F84FFFF76DBED4F8CD
:1083000090904FF0000B4FF0010AD4F894305FFAD0
:108310008BF79B689F423FF638AF09EB4713D3F8C2
:10832000002902F44022B2F5802F20D1D3F8002991
:10833000002A1CDAD3F8002942F09042C3F8002941
:10834000D3F80029002AFBDB3946D4F89000FFF768
:108350008DFB22890AFA07F322EA0303238104EB47
:108360008703DB689B6813B13946204698470BF1B9
:10837000010BCAE7910701D1D0F80080072A02F16A
:1083800001029CBF03F8018B4FEA18283FE704EB7A
:10839000830300F58050DA68D2F818C0DCF80820B2
:1083A000DCE9001CA1EB0C0C00218F4208D1DB683A
:1083B0009B699A683A449A605A683A445A6029E735
:1083C00011F0030F01D1D0F800808C4501F10101BB
:1083D00084BF02F8018B4FEA1828E6E7BDE8F88F62
:1083E00008B50348FFF774FEBDE80840FFF74EBA32
:1083F0003C65002008B50348FFF76AFEBDE8084069
:10840000FFF744BAD8650020D0F8903003EB411153
:10841000D1F8003B43F40013C1F8003B7047000063
:10842000D0F8903003EB4111D1F8003943F4001338
:10843000C1F8003970470000D0F8903003EB4111CB
:10844000D1F8003B23F40013C1F8003B7047000053
:10845000D0F8903003EB4111D1F8003923F4001328
:10846000C1F8003970470000044BDA6B0243DA634D
:108470005A6E104358665B6E704700BF0045025845
:1084800008B53C4B4FF0FF31D3F8802062F000423A
:10849000C3F88020D3F8802002F00042C3F8802087
:1084A000D3F88020D3F88420C3F88410D3F8842034
:1084B0000022C3F88420D3F88400D86F40F0FF4036
:1084C00040F4FF0040F4DF4040F07F00D867D86FF1
:1084D00020F0FF4020F4FF0020F4DF4020F07F0078
:1084E000D867D86FD3F888006FEA40506FEA5050D1
:1084F000C3F88800D3F88800C0F30A00C3F88800E6
:10850000D3F88800D3F89000C3F89010D3F8900007
:10851000C3F89020D3F89000D3F89400C3F89410D7
:10852000D3F89400C3F89420D3F89400D3F89800BB
:10853000C3F89810D3F89800C3F89820D3F898009F
:10854000D3F88C00C3F88C10D3F88C00C3F88C20BF
:10855000D3F88C00D3F89C00C3F89C10D3F89C107F
:10856000C3F89C20D3F89C30FCF72CFABDE80840F7
:1085700000F0D2B90044025808B50122504BC3F8AC
:108580000821504B5A6D42F002025A65DA6F42F0F0
:108590000202DA670422DB6F4B4BDA605A689104FF
:1085A000FCD54A4A1A6001229A60494ADA600022E0
:1085B0001A614FF440429A61434B9A699204FCD588
:1085C0001A6842F480721A60424B1A6F12F4407FAC
:1085D00004D04FF480321A6700221A671A6842F0FA
:1085E00001021A603B4B1A685007FCD500221A6141
:1085F0001A6912F03802FBD1012119604FF0804155
:1086000059605A67344ADA62344A1A611A6842F485
:1086100080321A602F4B1A689103FCD51A6842F415
:1086200080521A601A689204FCD52D4A2D499A622C
:1086300000225A63196301F57C01DA6301F5E771E1
:1086400099635A64284A1A64284ADA621A6842F01E
:10865000A8521A601F4B1A6802F02852B2F1285F24
:10866000F9D148229A614FF48862DA6140221A6295
:108670001F4ADA641F4A1A651F4A5A651F4A9A65DB
:1086800032231F4A1360136803F00F03022BFAD141
:10869000104A136943F003031361136903F03803AD
:1086A000182BFAD14FF00050FFF7DEFE4FF080405C
:1086B000FFF7DAFE4FF00040BDE80840FFF7D4BEF8
:1086C00000800051004502580048025800C000F0E8
:1086D00004000001004402580000FF0100889008D7
:1086E0003220600063020901470E0508DD0BBF015F
:1086F00020000020000001100910E000000101101E
:10870000002000524FF0B04208B5D2F8883003F094
:108710000103C2F8883023B1044A13680BB15068D2
:108720009847BDE80840FFF7B1B800BFB466002025
:108730004FF0B04208B5D2F8883003F00203C2F817
:10874000883023B1044A93680BB1D0689847BDE8DC
:108750000840FFF79BB800BFB46600204FF0B0425E
:1087600008B5D2F8883003F00403C2F8883023B18A
:10877000044A13690BB150699847BDE80840FFF7F8
:1087800085B800BFB46600204FF0B04208B5D2F8FB
:10879000883003F00803C2F8883023B1044A936993
:1087A0000BB1D0699847BDE80840FFF76FB800BF2C
:1087B000B46600204FF0B04208B5D2F8883003F01C
:1087C0001003C2F8883023B1044A136A0BB1506A0F
:1087D0009847BDE80840FFF759B800BFB4660020CD
:1087E0004FF0B04310B5D3F8884004F47872C3F862
:1087F0008820A30604D5124A936A0BB1D06A984721
:10880000600604D50E4A136B0BB1506B98472106D6
:1088100004D50B4A936B0BB1D06B9847E20504D596
:10882000074A136C0BB1506C9847A30504D5044A52
:10883000936C0BB1D06C9847BDE81040FFF726B899
:10884000B46600204FF0B04310B5D3F8884004F46C
:108850007C42C3F88820620504D5164A136D0BB11B
:10886000506D9847230504D5124A936D0BB1D06D16
:108870009847E00404D50F4A136E0BB1506E984729
:10888000A10404D50B4A936E0BB1D06E98476204D5
:1088900004D5084A136F0BB1506F9847230404D5D1
:1088A000044A936F0BB1D06F9847BDE81040FEF7B4
:1088B000EDBF00BFB466002008B50348FCF72EFCEE
:1088C000BDE80840FEF7E2BFC836002008B50348FF
:1088D000FCF724FDBDE80840FEF7D8BF2039002092
:1088E00008B50348FCF71AFDBDE80840FEF7CEBF07
:1088F0008C39002008B50348FCF710FDBDE808409E
:10890000FEF7C4BFF839002008B500F0B7FCBDE899
:108910000840FEF7BBBF0000062108B50846FCF77B
:1089200083FD06210720FCF77FFD06210820FCF7C8
:108930007BFD06210920FCF777FD06210A20FCF7C4
:1089400073FD06211720FCF76FFD06212820FCF798
:108950006BFD09217A20FCF767FD09213120FCF726
:1089600063FD07213220FCF75FFD0C212620FCF778
:108970005BFD0C212720FCF757FD0C215220BDE8A0
:108980000840FCF751BD000008B5FFF779FD00F085
:1089900043FCFDF729F9FDF7C7F8FDF7FFFAFDF7EE
:1089A000D1F9FEF78FF9BDE8084000F029BA0000C0
:1089B00030B50433039C0172002104FB0325C16020
:1089C000C0E90653049B0363059BC0E90000C0E9AE
:1089D0000422C0E90842C0E90A11436330BD000027
:1089E0000022416AC260C0E90411C0E90A226FF0A6
:1089F0000101FDF7E1BE0000D0E90432934201D14C
:108A0000C2680AB9181D70470020704703691960D1
:108A10000021C2680132C260C26913448269934274
:108A2000036124BF436A0361FDF7BABE38B504464B
:108A30000D46E3683BB162690020131D1268A36212
:108A40001344E36207E0237A33B929462046FDF751
:108A500097FE0028EDDA38BD6FF00100FBE700005B
:108A6000C368C269013BC36043691344826993428E
:108A7000436124BF436A436100238362036B03B1F4
:108A80001847704770B53023044683F31188866A0F
:108A90003EB9FFF7CBFF054618B186F3118828468B
:108AA00070BDA36AE26A13F8015B9342A36202D32A
:108AB0002046FFF7D5FF002383F31188EFE700007E
:108AC0002DE9F84F04460E46174698464FF03009F8
:108AD00089F311880025AA46D4F828B0BBF1000F0D
:108AE00009D141462046FFF7A1FF20B18BF3118841
:108AF0002846BDE8F88FD4E90A12A7EB050B521AF5
:108B0000934528BF9346BBF1400F1BD9334601F173
:108B1000400251F8040B914243F8040BF9D1A36AC7
:108B2000403640354033A362D4E90A239A4202D347
:108B30002046FFF795FF8AF31188BD42D8D289F30A
:108B40001188C9E730465A46F9F7D8F8A36A5E4457
:108B50005D445B44A362E7E710B5029C04330172F5
:108B600003FB0421C460C0E906130023C0E90A33F3
:108B7000039B0363049BC0E90000C0E90422C0E931
:108B80000842436310BD0000026A6FF00101C26039
:108B9000426AC0E904220022C0E90A22FDF70CBEA5
:108BA000D0E904239A4201D1C26822B9184650F88C
:108BB000043B0B60704700231846FAE7C3680021A6
:108BC000C2690133C36043691344826993424361BC
:108BD00024BF436A4361FDF7E3BD000038B5044696
:108BE0000D46E3683BB1236900201A1DA262E269C9
:108BF0001344E36207E0237A33B929462046FDF7A0
:108C0000BFFD0028EDDA38BD6FF00100FBE7000082
:108C100003691960C268013AC260C269134482697B
:108C20009342036124BF436A036100238362036BA1
:108C300003B118477047000070B530230D46044655
:108C4000114683F31188866A2EB9FFF7C7FF10B16A
:108C500086F3118870BDA36A1D70A36AE26A0133AE
:108C60009342A36204D3E16920460439FFF7D0FFA1
:108C7000002080F31188EDE72DE9F84F04460D46FA
:108C8000904699464FF0300A8AF311880026B34681
:108C9000A76A4FB949462046FFF7A0FF20B187F3E6
:108CA00011883046BDE8F88FD4E90A073A1AA8EBD4
:108CB0000607974228BF1746402F1BD905F14003EE
:108CC00055F8042B9D4240F8042BF9D1A36A403695
:108CD0004033A362D4E90A239A4204D3E1692046CF
:108CE0000439FFF795FF8BF311884645D9D28AF3F3
:108CF0001188CDE729463A46F9F700F8A36A3D44C2
:108D00003E443B44A362E5E7D0E904239A4217D1ED
:108D1000C3689BB1836A8BB1043B9B1A0ED013606E
:108D2000C368013BC360C3691A4483699A42026104
:108D300024BF436A036100238362012318467047FE
:108D40000023FBE701F01F03F0B502F01F045609F2
:108D50005A1C0123B6EB511F50F8265003FA02F3B8
:108D60004FEA511703F1FF333DBF50F82720C4F1FC
:108D70002000134003EA05003BBF03FA00F225FA86
:108D800004F0E0401043F0BD70B57E227F2105461F
:108D9000FFF7D8FF18B1012819D0002070BD3E227E
:108DA00049212846FFF7CEFF2F22044631212846CD
:108DB000FFF7C8FF064601345022023653212846E9
:108DC000B440FFF7BFFF093804FA00F0E6E73022AD
:108DD00045212846FFF7B6FF01308002DEE700009C
:108DE00090F8D63090F8D7201B0403EB026390F87C
:108DF000D42090F8D500134403EB00207047000006
:108E000000F018BA014B586A704700BF000C0040D0
:108E1000034B002258631A610222DA60704700BFD8
:108E2000000C0040014B0022DA607047000C00404B
:108E3000014B5863704700BF000C0040024B034ACF
:108E40001A60034A5A6070478C6600203867002019
:108E500000000220074B494210B55C68201A084008
:108E60001968821A8A4203D3A24201D85A6010BDFF
:108E70000020FCE78C66002008B5302383F31188BE
:108E8000FFF7E8FF002383F3118808BD0448054B72
:108E900003600023C0E901330C3000F017B900BFB4
:108EA00094660020798E0008CB1D083A23F0070352
:108EB000591A521A10B4D2080024C0E90043846041
:108EC0000C301C605A605DF8044B00F0FFB80000E5
:108ED0002DE9F74F364FCD1D8846002818BF0746AD
:108EE000082A4FEAD50538BF082207F10C003C1DBF
:108EF0009146019000F02CF9019809F10701C9F1A0
:108F0000000E2246246864B900F02CF93B68CBB30C
:108F100008224946E8009847044698B340E9027899
:108F200030E004EB010CD4F804A00CEA0E0C0AF1BA
:108F30000106ACF1080304EBC6069E42E1D9A6EB9C
:108F40000C0CB5EBEC0F4FEAEC0BDAD89C421DD2BF
:108F500004F10802AB45A3EB02024FEAE2026260B1
:108F600009D9691CED4303EBC1025D4455602568D6
:108F700043F8315022601C46C3F8048044F8087B53
:108F800000F0F0F8204603B0BDE8F08FAA45216854
:108F900002D111602346EEE7013504EBC50344F826
:108FA000351003F10801761AF6105E601360F1E7E0
:108FB0009466002073B50446A0F1080550F8080C2B
:108FC00054F8043C061D0C3007330190DB0844F8CC
:108FD000043C00F0BDF8334601989E421A6801D067
:108FE000AB4228D20AB1954225D244F8082C54F855
:108FF000042C1D60013254F8081C05EBC206B14276
:1090000006D14E68324444F8042C0A6844F8082C0F
:109010005E68711C03EBC1018D4207D154F8042C2A
:10902000013232445A6054F8082C1A6002B0BDE88C
:10903000704000F097B81346CFE70000FEE700004D
:1090400070B51E4B0025044686B058600E46056379
:109050008163FEF7F3FB04F12803A5606563C4E9AF
:109060000A3304F11003C4E904334FF0FF33C4E9B9
:109070000044C4E90635FFF7C5FE2B46024604F15D
:109080003C012046C4E9082380230D4A6567FDF7AB
:10909000F1FA7368E0600B4A03620123009280F8E2
:1090A00024306846F26801923269CDE90223064B0A
:1090B000CDE90435FDF712FB06B070BD1049002064
:1090C000C49D0008BC9D00083D9000080023C0E935
:1090D000000083600361704770B51C4B05468468CF
:1090E000DE685CB3B44213D103690133036170BD20
:1090F000A36094F8243083B1062B15D1A06A2146D1
:10910000D4E9003213605A60FDF720FAA36A9C6824
:10911000B368A2689A42EBD306E0D4E90032204655
:1091200013605A60FDF722FA28463146FDF70EFA21
:10913000B5620620BDE87040FDF71ABA0369866083
:1091400001330361336BC3603063D0E768460020AE
:1091500008B5302383F31188FFF7BEFF002383F3A4
:10916000118808BD194BD96883688B4210B520D18E
:10917000302383F311880269013A0261B2B90468AD
:10918000C368A0420B631ED04A6B9BB901238A605F
:10919000036103681A68026050601A6B8360C260E2
:1091A00018631846FDF7E2F9FDF732FA002383F35E
:1091B000118810BD1C68A34203D0A468A24238BF26
:1091C0002246DB68E1E78260F0E700BF68460020E6
:1091D000024A536B18435063704700BF6846002033
:1091E00038B5EFF311859DB9EFF30584C4F3080496
:1091F000302334B183F31188FDF716FC85F3118811
:1092000038BD83F31188FDF70FFC84F3118838BD56
:10921000BDE83840FDF708BC0023054A1946013374
:10922000102BC2E9001102F10802F8D1704700BF0B
:10923000B46600200E4B9A6C42F008029A641A6FD2
:1092400042F008021A670B4A1B6FD36B43F0080306
:10925000D363C722084B9A624FF0FF32DA620022D2
:109260009A615A63DA605A6001225A611A60704743
:10927000004502580010005C000C0040094A08B587
:109280001169D3680B40D9B29B076FEA01011161E4
:1092900007D5302383F31188FDF7E0F9002383F32A
:1092A000118808BD000C004010B5013902449042FD
:1092B00001D1002005E0037811F8014FA34201D04D
:1092C000181B10BD0130F2E72DE9F041A3B1C91A16
:1092D00017780144044603F1FF3C8C42204601D933
:1092E000002009E00578BD4204F10104F5D10CEB42
:1092F0000405D618A54201D1BDE8F08115F8018D0D
:1093000016F801EDF045F5D0E7E70000884210B50A
:1093100001EB020402D98442234607D8431EA1422E
:1093200008D011F8012B03F8012FF8E70244014699
:109330008A4200D110BD13F8014D02F8014DF7E744
:10934000C9B2034610F8012B1AB18A42F9D1184666
:109350007047002918BF0023F9E70000034611F801
:10936000012B03F8012B002AF9D1704710B5013900
:10937000034632B111F8014F03F8014B013A002CBA
:10938000F7D11A440021934200D110BD03F8011B0C
:10939000F9E700004D4435002D2D0A002F6172645D
:1093A0007570696C6F742E6162696E002F617264F2
:1093B0007570696C6F742D7665726966792E61625D
:1093C000696E002F6172647570696C6F742D666CC4
:1093D0006173682E6162696E002F617264757069D5
:1093E0006C6F742D666C61736865642E6162696E62
:1093F000000000000000000000000000150F000841
:10940000B10F000861110008E90F0008A90F00085A
:109410000000000000000000110F0008BD0F000850
:10942000991100080D0F0008190F000853544D330F
:109430003248373F3F3F0053544D3332483733783B
:109440002F3732780053544D3332483734332F3767
:1094500035332F373530000001105A000310590002
:10946000012058000320560040A2E4F164689106F0
:109470000041A3E5F2656992070000002F0000009B
:109480005375636365737366756C6C79206D6F7566
:109490006E746564205344436172642028736C6F5A
:1094A00077646F776E3D2575290A0000EB7690454D
:1094B0005846415420202000464154333220202079
:1094C000000000002A3A3C3E7C223F7F002B2C3BD0
:1094D0003D5B5D004355454141414143454545495B
:1094E000494941414592924F4F4F5555594F554F1C
:1094F0009C4F9E9F41494F55A5A5A6A7A8A9AAABD9
:10950000ACADAEAFB0B1B2B3B4414141B8B9BABB82
:10951000BCBDBEBFC0C1C2C3C4C54141C8C9CACB1E
:10952000CCCDCECFD1D145454549494949D9DADBE2
:10953000DCDD49DF4FE14F4F4F4FE6E8E855555529
:109540005959EEEFF0F1F2F3F4F5F6F7F8F9FAFB0A
:10955000FCFDFEFF01030507090E10121416181C6E
:109560001E00000061001A03E0001703F800070363
:10957000FF000100780100013001320106013901CC
:1095800010014A012E017901060180014D004302BC
:1095900081018201820184018401860187018701A2
:1095A00089018A018B018B018D018E018F01900150
:1095B0009101910193019401F6019601970198019F
:1095C00098013D029B019C019D0120029F01A00189
:1095D000A001A201A201A401A401A601A701A70163
:1095E000A901AA01AB01AC01AC01AE01AF01AF0111
:1095F000B101B201B301B301B501B501B701B801C1
:10960000B801BA01BB01BC01BC01BE01F701C00138
:10961000C101C201C301C401C501C401C701C80120
:10962000C701CA01CB01CA01CD011001DD01010052
:109630008E01DE011201F3010300F101F401F401D6
:10964000F8012801220212013A020900652C3B02AE
:109650003B023D02662C3F024002410241024602AB
:109660000A015302400081018601550289018A01E5
:1096700058028F015A0290015C025D025E025F0295
:10968000930161026202940164026502660267024C
:10969000970196016A02622C6C026D026E029C01B7
:1096A000700271029D01730274029F0176027702BB
:1096B000780279027A027B027C02642C7E027F02AD
:1096C000A60181028202A901840285028602870224
:1096D000AE014402B101B20145028D028E028F0239
:1096E00090029102B7017B030300FD03FE03FF0319
:1096F000AC0304008603880389038A03B1031103C2
:10970000C2030200A303A303C4030803CC030300A2
:109710008C038E038F03D8031801F2030A00F903A8
:10972000F303F403F503F603F703F703F903FA036E
:10973000FA033004200350041007600422018A0455
:109740003601C1040E01CF040100C004D00444015D
:1097500061052604000000007D1D0100632C001E31
:109760009601A01E5A01001F0806101F0606201FA2
:109770000806301F0806401F0606511F0700591F24
:10978000521F5B1F541F5D1F561F5F1F601F08067F
:10979000701F0E00BA1FBB1FC81FC91FCA1FCB1FD7
:1097A000DA1FDB1FF81FF91FEA1FEB1FFA1FFB1F51
:1097B000801F0806901F0806A01F0806B01F04009F
:1097C000B81FB91FB21FBC1FCC1F0100C31FD01F81
:1097D0000206E01F0206E51F0100EC1FF31F010057
:1097E000FC1F4E2101003221702110028421010052
:1097F0008321D0241A05302C2F04602C0201672C01
:109800000601752C0201802C6401002D260841FF01
:109810001A030000C700FC00E900E200E400E000D9
:10982000E500E700EA00EB00E800EF00EE00EC00E6
:10983000C400C500C900E600C600F400F600F2004E
:10984000FB00F900FF00D600DC00F800A300D80000
:10985000D7009201E100ED00F300FA00F100D10021
:10986000AA00BA00BF00AE00AC00BD00BC00A10061
:10987000AB00BB0091259225932502252425C1002C
:10988000C200C000A9006325512557255D25A2000F
:10989000A5001025142534252C251C2500253C2544
:1098A000E300C3005A255425692566256025502507
:1098B0006C25A400F000D000CA00CB00C800310124
:1098C000CD00CE00CF0018250C2588258425A600C4
:1098D000CC008025D300DF00D400D200F500D500F5
:1098E000B500FE00DE00DA00DB00D900FD00DD007F
:1098F000AF00B400AD00B1001720BE00B600A70055
:10990000F700B800B000A800B700B900B300B2007B
:10991000A025A000100002400800024000080240FC
:1099200000000B002800024008000240040802402A
:1099300006010C00400002400800024008080240F6
:1099400010020D0058000240080002400C080240BE
:1099500016030E00700002400C0002401008024086
:1099600000040F00880002400C000240140802406E
:1099700006051000A00002400C000240180802403A
:1099800010061100B80002400C0002401C08024002
:1099900016072F001004024008040240200802406D
:1099A000000838002804024008040240240802404D
:1099B0000609390040040240080402402808024019
:1099C000100A3A0058040240080402402C080240E1
:1099D000160B3B00700402400C04024030080240A9
:1099E000000C3C00880402400C0402403408024091
:1099F000060D4400A00402400C0402403808024056
:109A0000100E4500B80402400C0402403C0802401D
:109A1000160F460001000000000000000096000044
:109A20000000000000000000000000000000000036
:109A30000000000000000000BD6C0008C16C0008C0
:109A4000BD570008F55A000851570008795700081B
:109A5000A15700083957000800000000A95B000862
:109A6000955B0008D15B0008BD5B0008C95B00087E
:109A7000B55B0008A15B00088D5B0008DD5B00089A
:109A800000000000C15C0008AD5C0008E95C000853
:109A9000D55C0008E15C0008CD5C0008B95C0008FA
:109AA000A55C0008F55C0008000000000100000053
:109AB0000000000063300000B49A000800000000BD
:109AC00000000000E0460020104900200000812A2C
:109AD00000000000AAAAAAAA00000024FFFE0000BD
:109AE0000000000000A00A000001000000000000CB
:109AF000AAAAAAAA00000000FFFF000000000000C0
:109B0000000000001400AA5600000000AAAAAAAA99
:109B100014005554FFFF000000000000CCCC0C00E6
:109B200020681A0000000000AAAA8AAA1054150092
:109B3000FFFF0000000C7007770000004081020169
:109B400000100000AAAAAAAA00410100F7FF000025
:109B5000000000700700000000000000000000008E
:109B6000AAAAAAAA00000000FFFF0000000000004F
:109B7000000000000000000000000000AAAAAAAA3D
:109B800000000000FFFF00000000000000000000D7
:109B90000000000000000000AAAAAAAA000000001D
:109BA000FFFF0000000000000000000000000000B7
:109BB00000000000AAAAAAAA00000000FFFF0000FF
:109BC0000000000000000000000000000000000095
:109BD000AAAAAAAA00000000FFFF000000000000DF
:109BE000000000000000000000000000AAAAAAAACD
:109BF00000000000FFFF0000000000000000000067
:109C00004375626550696C6F7400437562654F728D
:109C1000616E67652B2D424C002553455249414CDE
:109C2000250000000200000000000000E15E0008C6
:109C3000515F000840004000C0610020D06100205A
:109C4000020000000000000003000000000000000F
:109C5000995F00080000000010000000E061002093
:109C60000000000001000000000000003C65002032
:109C700001010200B96D0008C96C0008656D00089B
:109C8000496D0008430000008C9C00080902430055
:109C9000020100C032090400000102020100052493
:109CA000001001052401000104240202052406001D
:109CB00001070582030800FF09040100020A0000F1
:109CC0000007050102400000070581024000000076
:109CD00012000000D89C0008120110010200004090
:109CE000AE2D581000020102030100000403090414
:109CF00025424F4152442500437562654F72616EA3
:109D00006765506C75732D4F4449440030313233D0
:109D10003435363738394142434445460000000067
:109D200000000020000002000200000000000030DF
:109D300000000400080000000000002400000800EB
:109D4000040000000004000000FC0000020000000D
:109D5000000004300080000008000000000000380F
:109D600000000100010000001F1C1F1E1F1E1F1FFE
:109D70001E1F1E1F1F1D1F1E1F1E1F1F1E1F1E1FFB
:109D800000000000F5600008AD6300085964000899
:109D9000400040007466002074660020010000004E
:109DA00084660020800000004001000008000000E0
:109DB00000010000001000000800000069646C65EC
:109DC000000000006D61696E002C0438040438083E
:109DD0000C10141C20242526000000000000640440
:109DE0000100040000000000000C001028303400C6
:109DF0007866FF7F01000000372B000000000000A4
:109E000000001E0000000000FF00000018490020B4
:109E1000203900208C390020F83900200000000093
:109E20002C940008830400003794000850040000BC
:109E300045940008010000000000000000960000AA
:109E40000000080096000000000800000400000068
:109E5000EC9C000800000000000000000000000072
:0C9E6000000000000000000000000000F6
:00000001FF
